business_unit,country,office_name,office_type,city,address,postcode,phone,email,website,source_url,source_page,notes
Allianz Corporate,USA,"Allianz Life Insurance, North America",office,Minneapolis,"P.O. Box 1344, Minneapolis, USA",1344,+1 800 9505 872,,www.allianzlife.com,https://www.allianz.com/en/about-us/company/contact/usa.html,USA | Allianz,
Allianz Corporate,USA,"Allianz Life Insurance, North America",office,MN 55416-1297,"MN 55416-1297, USA",1297,+1 800 9505 872,,www.allianzlife.com,https://www.allianz.com/en/about-us/company/contact/usa.html,USA | Allianz,
Allianz Corporate,USA,Allianz Capital Partners of America LLC,contact,Broadway,"1633 Broadway, New York, NY 10019, United States of America",10019,+1 212 739 3600,,www.allianzcapitalpartners.com,https://www.allianz.com/en/about-us/company/contact/usa.html,USA | Allianz,
Allianz Corporate,USA,Allianz Commercial,contact,Alpharetta,"Alpharetta office, 100 Northpoint Center, STE 320, Alpharetta, GA 30022, United States of America",30022,,,www.commercial.allianz.com,https://www.allianz.com/en/about-us/company/contact/usa.html,USA | Allianz,
Allianz Corporate,USA,Chicago office,contact,Chicago,"155 North Wacker Dr, STE 2700, Chicago, IL 60606, United States of America",60606,,,www.commercial.allianz.com,https://www.allianz.com/en/about-us/company/contact/usa.html,USA | Allianz,
Allianz Corporate,USA,Houston office,contact,West Loop South,"2000 West Loop South, Houston, TX 77027, United States of America",77027,,,www.commercial.allianz.com,https://www.allianz.com/en/about-us/company/contact/usa.html,USA | Allianz,
Allianz Corporate,USA,New York office,contact,New York,"28 Liberty Street, 24th Floor, New York, NY 10005, United States of America",10005,,,www.commercial.allianz.com,https://www.allianz.com/en/about-us/company/contact/usa.html,USA | Allianz,
Allianz Corporate,USA,Saint Louis office,contact,O'Fallon,"Visitor address:, 1 Progress Point Parkway, Suite 200, O'Fallon, MO 63368, United States of America",63368,,,,https://www.allianz.com/en/about-us/company/contact/usa.html,USA | Allianz,
Allianz Corporate,USA,Postal address:,contact,O'Fallon,"PO Box 970, O'Fallon, MO 63366-0970, United States of America",0970,,,www.commercial.allianz.com,https://www.allianz.com/en/about-us/company/contact/usa.html,USA | Allianz,
Allianz Corporate,USA,Allianz Global Assistance USA,contact,Mayland Drive,"9950 Mayland Drive, Richmond, VA 23233, USA",23233,+1 800 6284 908,,www.allianzworldwidepartners.com,https://www.allianz.com/en/about-us/company/contact/usa.html,USA | Allianz,
Allianz Corporate,USA,Allianz Global Investors U.S. Holdings LLC,contact,Broadway,"1633 Broadway, New York, NY 10019-7585, USA",7585,+1 212 739 3300,,www.allianzgi.com,https://www.allianz.com/en/about-us/company/contact/usa.html,USA | Allianz,
Allianz Corporate,USA,Allianz Real Estate of America LLC,contact,New York,"New York, 60 East 42nd Street, Suite 3710, New York, NY 10165, USA",10165,,,,https://www.allianz.com/en/about-us/company/contact/usa.html,USA | Allianz,
Allianz Corporate,USA,Burbank,contact,West Empire Drive,"2350 West Empire Drive, Suite 200, Burbank, CA 91504, USA",91504,,,,https://www.allianz.com/en/about-us/company/contact/usa.html,USA | Allianz,
Allianz Corporate,USA,Alpharetta,contact,Great Oaks Way,"11475 Great Oaks Way, 2nd Floor, Alpharetta, GA 30022, USA",30022,,,,https://www.allianz.com/en/about-us/company/contact/usa.html,USA | Allianz,
Allianz Corporate,USA,Allianz Risk Transfer (Bermuda Branch),contact,Overbay,"Overbay, 106 Pitts Bay Road, Bermuda, HM 08, Bermuda, USA",,+1-441-295-4722,,www.agcs.allianz.com,https://www.allianz.com/en/about-us/company/contact/usa.html,USA | Allianz,
Allianz Corporate,USA,Allianz Services United States NYC Hub,contact,Liberty Street 28,Liberty Street 28,,,,,https://www.allianz.com/en/about-us/company/contact/usa.html,USA | Allianz,
Allianz Corporate,USA,"New York City, New York",contact,Chicago,"United States, Allianz Technology, Chicago, 125 S Clark Street, Chicago, IL 60603",60603,,,,https://www.allianz.com/en/about-us/company/contact/usa.html,USA | Allianz,
Allianz Corporate,USA,Minneapolis,contact,Minneapolis,"729 N Washington Ave, Suite 600, Minneapolis, MN 55401",55401,,,,https://www.allianz.com/en/about-us/company/contact/usa.html,USA | Allianz,
Allianz Corporate,USA,Bay Area,contact,Mill Valley,"1 Belvedere Drive, Mill Valley, CA 94941",94941,,,,https://www.allianz.com/en/about-us/company/contact/usa.html,USA | Allianz,
Allianz Corporate,USA,Richmond,contact,Mayland Drive,"9950 Mayland Drive, Richmond, VA 23233",23233,,,www.tech.allianz.com,https://www.allianz.com/en/about-us/company/contact/usa.html,USA | Allianz,
Allianz Corporate,USA,Allianz Trade in North America,contact,22nd Floor,"100 International Drive, 22nd Floor",,,,,https://www.allianz.com/en/about-us/company/contact/usa.html,USA | Allianz,
Allianz Corporate,USA,Baltimore,contact,MD 21202,MD 21202,21202,+1 877 883 3224,,www.allianz-trade.com,https://www.allianz.com/en/about-us/company/contact/usa.html,USA | Allianz,
Allianz Corporate,USA,PIMCO,contact,Newport Beach,"650 Newport Center Drive, Newport Beach, CA 92660, USA",92660,+1 949 720 6000 | +1 949 720 1376,,www.pimco.com,https://www.allianz.com/en/about-us/company/contact/usa.html,USA | Allianz,
Allianz Corporate,Austria,Allianz Elementar Versicherungs-Aktiengesellschaft and Allianz Elementar Lebensversicherungs-Aktiengesellschaft,office,Vienna,"Wiedner Gürtel 9–13, 1100 Vienna, Austria",1100,+43 5 9009 0,,www.allianz.at,https://www.allianz.com/en/about-us/company/contact/austria.html,Austria | Allianz,
Allianz Corporate,Austria,Acredia Versicherung AG,contact,Vienna,"Himmelpfortgasse 29, 1010 Vienna, Austria",1010,43 5 01 02-0,,,https://www.allianz.com/en/about-us/company/contact/austria.html,Austria | Allianz,
Allianz Corporate,Austria,Allianz Commercial,contact,Vienna,"Wiedner Gürtel 9-13, 1100 Vienna, Austria",1100,+43 5 9009 88700,,commercial.allianz.com,https://www.allianz.com/en/about-us/company/contact/austria.html,Austria | Allianz,
Allianz Corporate,Austria,Allianz Invest Kapitalanlagegesellschaft mbH (Allianz Invest KAG),contact,Wien,"Wiedner Gürtel 9-13, 1100 Wien, Austria",1100,+43 1 505 54 80 4848,,www.allianzinvest.at,https://www.allianz.com/en/about-us/company/contact/austria.html,Austria | Allianz,
Allianz Corporate,Austria,Allianz Partners Austria,contact,Vienna,"AWP P&C S.A., Austria Branch, Linzer Straße 225, 1140 Vienna, Austria",1140,+43 1 525 03 6945,,,https://www.allianz.com/en/about-us/company/contact/austria.html,Austria | Allianz,
Allianz Corporate,Austria,Allianz Partners Austria: www.allianz-partners.com,contact,Wien,"Travel Insurance: www.allianz-assistance.at, Allianz Pensionskasse AG, Wiedner Gürtel 9-13, 1100 Wien, Austria",1100,+43 1 546 22 568,,www.allianzpk.at,https://www.allianz.com/en/about-us/company/contact/austria.html,Austria | Allianz,
Allianz Corporate,Austria,Allianz Technology GmbH,contact,Vienna,"Linzer Strasse 225, 1140 Vienna, Austria",1140,,,www.tech.allianz.com,https://www.allianz.com/en/about-us/company/contact/austria.html,Austria | Allianz,
Allianz Corporate,Austria,Allianz Vorsorgekasse AG,contact,Wien,"Wiedner Gürtel 9-13, 1100 Wien, Austria",1100,+43 1 546 22 567,,www.allianzvk.at,https://www.allianz.com/en/about-us/company/contact/austria.html,Austria | Allianz,
Allianz Corporate,Austria,"Euler Hermes Collections GmbH, Zweigniederlassung Österreich",contact,Vienna,"Handelskai 388, 1020 Vienna, Austria",1020,+43 1 22714000,,,https://www.allianz.com/en/about-us/company/contact/austria.html,Austria | Allianz,
Allianz Corporate,Belgium,Allianz Benelux SA,office,Brussels,"Koning Albert II Laan 32, 1000 Brussels, Belgium",1000,+32 2 2146111 | +32 2 2146274,,www.allianz.be,https://www.allianz.com/en/about-us/company/contact/belgium.html,Belgium | Allianz,
Allianz Corporate,Belgium,Allianz Commercial,contact,Berchem,"Uitbreidingstraat 86, 2600 Berchem, Belgium",2600,,,commercial.allianz.com,https://www.allianz.com/en/about-us/company/contact/belgium.html,Belgium | Allianz,
Allianz Corporate,Belgium,Allianz SE European Affairs Office,contact,Brussels,"Avenue des Arts 27, 1040 Brussels, Belgium",1040,,,,https://www.allianz.com/en/about-us/company/contact/belgium.html,Belgium | Allianz,
Allianz Corporate,Belgium,Website,contact,Brussels,"Allianz Global Investors GmbH, Koning Albert II Laan 32, 1000 Brussels, Belgium",1000,,,www.allianzgi.be,https://www.allianz.com/en/about-us/company/contact/belgium.html,Belgium | Allianz,
Allianz Corporate,Belgium,Allianz Partners,contact,Brüssel,"Koning Albert II Laan 32, 1000 Brüssel",1000,,,,https://www.allianz.com/en/about-us/company/contact/belgium.html,Belgium | Allianz,
Allianz Corporate,Belgium,Belgien,contact,Brussels,"Allianz Technology SE, Koning Albert II Laan 32, 1000 Brussels, Belgium",1000,+32 2 529 7670,,www.allianz-assistance.be | www.tech.allianz.com,https://www.allianz.com/en/about-us/company/contact/belgium.html,Belgium | Allianz,
Allianz Corporate,Belgium,Allianz Trade in Belgium,contact,Brussels,"Avenue des Arts – Kunstlaan, 56, 1000 Brussels, Belgium",1000,+32 2 2893111,,www.allianz-trade.com,https://www.allianz.com/en/about-us/company/contact/belgium.html,Belgium | Allianz,
Allianz Corporate,Bulgaria,Allianz Bulgaria Holding,office,Sofia,"Str. Srebarna 16, 1407 Sofia, Bulgaria",1407,+359 700 13 014,,www.allianz.bg,https://www.allianz.com/en/about-us/company/contact/bulgaria.html,Bulgaria | Allianz,
Allianz Corporate,Bulgaria,Allianz Partners,contact,Vienna,"Branch Austria, Pottendorfer Strasse 23-25, 1120 Vienna",1120,+359 2995 1843,,www.allianz-assistance.bg,https://www.allianz.com/en/about-us/company/contact/bulgaria.html,Bulgaria | Allianz,
Allianz Corporate,Bulgaria,Allianz Trade in Bulgaria,contact,Sofia,"Pl. ""Positano"" 2, Performance Business Center,, fl. 5, Sofia, 1000,, Bulgaria",1000,+359 2 890 1410,,www.allianz-trade.com,https://www.allianz.com/en/about-us/company/contact/bulgaria.html,Bulgaria | Allianz,
Allianz Corporate,Croatia,Allianz Hrvatska d.d.,office,Zagreb,"Heinzelova 70, 10000 Zagreb, Croatia",10000,+385 99 3465 855 | +385 1 4653 533,,www.allianz.hr,https://www.allianz.com/en/about-us/company/contact/croatia.html,Croatia | Allianz,
Allianz Corporate,Croatia,Allianz ZB d.o.o. (Voluntary and Obligatory Pension Fund Company),contact,Zagreb,"Heinzelova 70, 10000 Zagreb, Croatia",10000,+385 1 3670367 | +385 1 3670414,,www.allianz.hr,https://www.allianz.com/en/about-us/company/contact/croatia.html,Croatia | Allianz,
Allianz Corporate,Cyprus,Allianz Hellas S. A. Cyprus Branch office,office,The Globe House,"The Globe House, Kennedy Avenue 23, 3",,+357 77770110,,www.allianz.com.gr,https://www.allianz.com/en/about-us/company/contact/cyprus.html,Cyprus | Allianz,
Allianz Corporate,Cyprus,Allianz Hellas S. A. Cyprus Branch office,office,Nicosia,"rd, Floor, 1075 Nicosia",1075,+357 77770110,,www.allianz.com.gr,https://www.allianz.com/en/about-us/company/contact/cyprus.html,Cyprus | Allianz,
Allianz Corporate,Cyprus,Allianz Hellas S. A. Cyprus Branch office,office,Cyprus,"Cyprus, Send e-mail 1, Send e-mail 2",,+357 77770110,,www.allianz.com.gr,https://www.allianz.com/en/about-us/company/contact/cyprus.html,Cyprus | Allianz,
Allianz Corporate,Czech Republic,"Allianz pojistovna, a.s.",office,186 00 Praha 8,"Ke Stvanici 656/3, 186 00 Praha 8, Czech Republic",,+420 2 41170000,,www.allianz.cz,https://www.allianz.com/en/about-us/company/contact/czech-republic.html,Czech Republic | Allianz,
Allianz Corporate,Czech Republic,Allianz Partners,contact,170 00 Praha 7,"Jankovcova 1596/14b, 170 00 Praha 7, Czech Republic",1596,+420 2 96 849 959,,www.allianz-partners.com,https://www.allianz.com/en/about-us/company/contact/czech-republic.html,Czech Republic | Allianz,
Allianz Corporate,Czech Republic,"Allianz penzijni společnost, a. s.",contact,186 00 Praha 8,"Ke Stvanici 656/3, 186 00 Praha 8, Czech Republic",,+420 2 41170000 | +420 2 42455414,,www.allianz.cz,https://www.allianz.com/en/about-us/company/contact/czech-republic.html,Czech Republic | Allianz,
Allianz Corporate,Czech Republic,Allianz Trade in Czech Republic,contact,180 00 Praha 8,"Voctářova 2497/18, 180 00 Praha 8, Czech Republic",2497,+420 266 109 513,,www.allianz-trade.com,https://www.allianz.com/en/about-us/company/contact/czech-republic.html,Czech Republic | Allianz,
Allianz Corporate,Denmark,Allianz Commercial,office,Copenhagen,"Pilestraede 58, Copenhagen, 1112, Denmark",1112,,,commercial.allianz.com,https://www.allianz.com/en/about-us/company/contact/denmark.html,Denmark | Allianz,
Allianz Corporate,Denmark,Allianz Partners Nordic and Baltic Region,office,VM Amsterdam,"Poeldijkstraat 4, 1059 VM Amsterdam, The Netherlands",1059,,,www.allianz-partners.com,https://www.allianz.com/en/about-us/company/contact/denmark.html,Denmark | Allianz,
Allianz Corporate,Denmark,Allianz Trade in Denmark,office,København K,"Møntergade 5, 1116 København K, Denmark",1116,+45 88 33 33 88,,www.allianz-trade.com,https://www.allianz.com/en/about-us/company/contact/denmark.html,Denmark | Allianz,
Allianz Corporate,Estonia,Allianz Partners Nordic and Baltic Region,office,VM Amsterdam,"Poeldijkstraat 4, 1059 VM Amsterdam, The Netherlands",1059,,,www.allianz-partners.com,https://www.allianz.com/en/about-us/company/contact/estonia.html,Estonia | Allianz,
Allianz Corporate,Estonia,If P&C Insurance AS,office,Tallinn,"Lõõtsa 8a, 11415 Tallinn, Estonia",11415,+372 6671247,,,https://www.allianz.com/en/about-us/company/contact/estonia.html,Estonia | Allianz,
Allianz Corporate,Finland,Allianz Commercial,office,Helsinki,"Konepajankuja 1, Helsinki, 00510, Finland",00510,,,commercial.allianz.com,https://www.allianz.com/en/about-us/company/contact/finland.html,Finland | Allianz,
Allianz Corporate,Finland,Allianz Partners Nordic and Baltic Region,office,VM Amsterdam,"Poeldijkstraat 4, 1059 VM Amsterdam, The Netherlands",1059,,,www.allianz-partners.com,https://www.allianz.com/en/about-us/company/contact/finland.html,Finland | Allianz,
Allianz Corporate,Finland,Allianz Trade Suomi,office,Helsinki,"Suomen sivuliike, Konepajankuja 1, 00510 Helsinki, Finland",00510,+358 10 850 8500,,www.allianz-trade.com,https://www.allianz.com/en/about-us/company/contact/finland.html,Finland | Allianz,
Allianz Corporate,France,Allianz France,office,1 cours Michelet – CS 30051,"1 cours Michelet – CS 30051, France",30051,+33 1 5885 1500 | +33 1 44864242,,www.allianz.fr,https://www.allianz.com/en/about-us/company/contact/france.html,France | Allianz,
Allianz Corporate,France,Allianz France,office,Paris La Défense Cedex,"92076 Paris La Défense Cedex, France",92076,+33 1 5885 1500 | +33 1 44864242,,www.allianz.fr,https://www.allianz.com/en/about-us/company/contact/france.html,France | Allianz,
Allianz Corporate,France,Allianz Africa,contact,Paris La Défense Cedex,"1 cours Michelet – CS 30051, 92076 Paris La Défense Cedex, France",92076,+33 1 5885 1500 | +33 1 44862388,,www.allianz-africa.com | www.allianz.fr,https://www.allianz.com/en/about-us/company/contact/france.html,France | Allianz,
Allianz Corporate,France,Allianz Alternative Asset Management (AAAM),contact,Paris Cedex,"20 Rue Le Peletier, 75444 Paris Cedex 09, France",75444,+33 1 44862000 | +33 1 57868255,,www.aaam.fr,https://www.allianz.com/en/about-us/company/contact/france.html,France | Allianz,
Allianz Corporate,France,Allianz Banque,contact,Puteaux,"1 Cours Michelet, 92800 Puteaux, France",92800,+33 1 85637939,,www.allianzbanque.fr,https://www.allianz.com/en/about-us/company/contact/france.html,France | Allianz,
Allianz Corporate,France,Allianz Commercial,contact,Paris,"Esplanade Sud – Quartier Michelet, 1 Cours Michelet, 92800 Paris",92800,,,www.commercial.allianz.com,https://www.allianz.com/en/about-us/company/contact/france.html,France | Allianz,
Allianz Corporate,France,"Allianz Global Investors GmbH, France Branch",contact,Paris Cedex,"3 Boulevard des Italiens, Case Courrier P401, CS 70264, 75118 Paris Cedex, France",75118,+33 1 7305 7305,,www.allianzgi.fr,https://www.allianz.com/en/about-us/company/contact/france.html,France | Allianz,
Allianz Corporate,France,Allianz Partners France,contact,SAINT-OUEN-SUR-SEINE,"Eurosquare 2, 7 rue Dora Maar, 93400 SAINT-OUEN-SUR-SEINE, France",93400,+33 1 53 05 86 00,,www.allianz-partners.com,https://www.allianz.com/en/about-us/company/contact/france.html,France | Allianz,
Allianz Corporate,France,Allianz Real Estate France,contact,Puteaux,"1 Cours Michelet, 92800 Puteaux, France",92800,+33 1 44866790 | +33 1 44864543,,www.allianz-realestate.com,https://www.allianz.com/en/about-us/company/contact/france.html,France | Allianz,
Allianz Corporate,France,Allianz Services France,contact,Tour Allianz One,"Tour Allianz One, Cours Michelet 1",,,,,https://www.allianz.com/en/about-us/company/contact/france.html,France | Allianz,
Allianz Corporate,France,"La Défense, Paris",contact,St-Ouen,"France, Allianz Technology, Eurosquare 1 151-161, boulebvard Victor Hugo, 93400 St-Ouen, France",93400,,,www.tech.allianz.com,https://www.allianz.com/en/about-us/company/contact/france.html,France | Allianz,
Allianz Corporate,France,Allianz Trade en France,contact,Paris La Défense Cedex,"1 Place des Saisons, 92048 Paris La Défense Cedex, France",92048,+33 1 8411 5054,,www.allianz-trade.fr,https://www.allianz.com/en/about-us/company/contact/france.html,France | Allianz,
Allianz Corporate,France,Allianz Trade for Multinationals,contact,Paris La Défense Cedex,"1 Place des Saisons, 92048 Paris La Défense Cedex, France",92048,+33 1 8411 5050,,www.allianz-trade.com,https://www.allianz.com/en/about-us/company/contact/france.html,France | Allianz,
Allianz Corporate,France,Calypso,contact,20 Place de Seine,20 Place de Seine,,,,,https://www.allianz.com/en/about-us/company/contact/france.html,France | Allianz,
Allianz Corporate,France,Tour Neptune,contact,Paris,"92086 Paris, France",92086,+33 1 44862000 | +33 1 44864242,,www.arcalis.fr | www.allianz.fr,https://www.allianz.com/en/about-us/company/contact/france.html,France | Allianz,
Allianz Corporate,France,Euler Hermes Recouvrement France,contact,Paris La Défense Cedex,"1 Place des Saisons, 92048 Paris La Défense Cedex, France",92048,+33 1 8411 5054,,www.allianz-trade.fr,https://www.allianz.com/en/about-us/company/contact/france.html,France | Allianz,
Allianz Corporate,France,GTS – Gestion Téléassistance Services,contact,Châtillon Cedex,"81 rue Pierre Sémard, 92324 Châtillon Cedex, France",92324,+33 1 48 97 74 96,,www.allianz-teleprotection.fr,https://www.allianz.com/en/about-us/company/contact/france.html,France | Allianz,
Allianz Corporate,France,SEPSAD Société Européenne de Protection et de Service d'Assistance Au Domicile,contact,Tour AGF Athena Case Postale 6M,Tour AGF Athena Case Postale 6M,,,,,https://www.allianz.com/en/about-us/company/contact/france.html,France | Allianz,
Allianz Corporate,France,Cours Michelet,contact,Paris La Défense,"92176 Paris La Défense, France",92176,+33 1 58856900,,www.sepsad-telesurveillance.fr/p/mondial,https://www.allianz.com/en/about-us/company/contact/france.html,France | Allianz,
Allianz Corporate,Germany,Allianz Deutschland AG,office,Munich,"Koeniginstrasse 28, 80802 Munich, Germany",80802,+49 89 3800 0,,www.allianz.de,https://www.allianz.com/en/about-us/company/contact/germany.html,Germany | Allianz,
Allianz Corporate,Germany,ADEUS Aktienregister-Service-GmbH,contact,Munich,"Koeniginstrasse 28, 80802 Munich, Germany",80802,,,www.adeus.de,https://www.allianz.com/en/about-us/company/contact/germany.html,Germany | Allianz,
Allianz Corporate,Germany,Allianz Beratungs- und Vertriebs-AG,contact,Munich,"Koeniginstrasse 28, 80802 Munich, Germany",80802,+49 89 3800 0,,,https://www.allianz.com/en/about-us/company/contact/germany.html,Germany | Allianz,
Allianz Corporate,Germany,Allianz Capital & Pension Solutions GmbH,contact,Stuttgart,"Heßbruehlstraße 2, 70565 Stuttgart, Germany",70565,+49 711 663 5950,,www.allianz.de/business/apc/,https://www.allianz.com/en/about-us/company/contact/germany.html,Germany | Allianz,
Allianz Corporate,Germany,Allianz Capital Partners GmbH,contact,Munich,"Seidlstrasse 24-24a, 80335 Munich, Germany",80335,+49 89 1220 8200,,www.allianzcapitalpartners.com,https://www.allianz.com/en/about-us/company/contact/germany.html,Germany | Allianz,
Allianz Corporate,Germany,Allianz Commercial,contact,Unterfoehring,"Head Office, Dieselstrasse 6-11, 85774 Unterfoehring, Germany",85774,,,www.commercial.allianz.com,https://www.allianz.com/en/about-us/company/contact/germany.html,Germany | Allianz,
Allianz Corporate,Germany,Allianz Direct Versicherungs-AG,contact,Munich,"Koeniginstrasse 28, 80802 Munich, Germany",80802,,,www.allianzdirect.de,https://www.allianz.com/en/about-us/company/contact/germany.html,Germany | Allianz,
Allianz Corporate,Germany,Allianz Esa GmbH,contact,Bad Friedrichshall,"Friedrichsplatz 2, 74177 Bad Friedrichshall, Germany",74177,+49 7136 9513 0 | +49 7136 9513 133,,www.allianz-esa.de,https://www.allianz.com/en/about-us/company/contact/germany.html,Germany | Allianz,
Allianz Corporate,Germany,Allianz Foundation,contact,Berlin,"Pariser Platz 6, 10117 Berlin, Germany",10117,+49 30 9940 5970,,www.allianzfoundation.org,https://www.allianz.com/en/about-us/company/contact/germany.html,Germany | Allianz,
Allianz Corporate,Germany,Allianz Global Benefits GmbH,contact,Stuttgart,"Reinsburgstrasse 19, 70178 Stuttgart, Germany",70178,+49 711 6631 220,,www.allianzglobalbenefits.com,https://www.allianz.com/en/about-us/company/contact/germany.html,Germany | Allianz,
Allianz Corporate,Germany,Allianz Global Investors GmbH,contact,Munich,"Munich, Seidlstrasse 24-24a, 80335 Munich, Germany",80335,,,www.de.allianzgi.com,https://www.allianz.com/en/about-us/company/contact/germany.html,Germany | Allianz,
Allianz Corporate,Germany,Frankfurt,contact,Frankfurt am Main,"Bockenheimer Landstrasse 42-44, 60323 Frankfurt am Main, Germany",60323,,,www.de.allianzgi.com,https://www.allianz.com/en/about-us/company/contact/germany.html,Germany | Allianz,
Allianz Corporate,Germany,Allianz Handwerker Services,contact,Aschheim near Munich,"Allianz Partners Deutschland GmbH, Bahnhofstr. 16, 85609 Aschheim near Munich, Germany",85609,+49 89 51719-0,,www.allianz-handwerker.de,https://www.allianz.com/en/about-us/company/contact/germany.html,Germany | Allianz,
Allianz Corporate,Germany,Allianz Investment Management SE,contact,Munich,"Koeniginstrasse 28, 80802 Munich, Germany",80802,+49 89 3800 0,,,https://www.allianz.com/en/about-us/company/contact/germany.html,Germany | Allianz,
Allianz Corporate,Germany,Allianz Investment Management SE,contact,Stuttgart,"Allianz Lebensversicherungs-AG, Reinsburgstr. 19, 70178 Stuttgart, Germany",70178,+49 89 3800-0,,www.allianz.de,https://www.allianz.com/en/about-us/company/contact/germany.html,Germany | Allianz,
Allianz Corporate,Germany,Allianz Partners Deutschland GmbH,contact,Aschheim,"AWP P&C S.A. German Branch, Bahnhofstrasse 16, 85609 Aschheim / Munich, Germany",85609,+49 89 2620 830,,www.allianz-partners.com,https://www.allianz.com/en/about-us/company/contact/germany.html,Germany | Allianz,
Allianz Corporate,Germany,Allianz Private Krankenversicherungs-AG,contact,Munich,"Koeniginstrasse 28, 80802 Munich, Germany",80802,+49 89 3800-0,,www.allianz.de,https://www.allianz.com/en/about-us/company/contact/germany.html,Germany | Allianz,
Allianz Corporate,Germany,Allianz SE,contact,Munich,"Koeniginstrasse 28, 80802 Munich, Germany",80802,+49 89 3800 0,,www.allianz.com,https://www.allianz.com/en/about-us/company/contact/germany.html,Germany | Allianz,
Allianz Corporate,Germany,Allianz SE Representative Office Berlin,contact,Berlin,"Pariser Platz 6, 10117 Berlin, Germany",10117,,,www.germany/representative-office-berlin,https://www.allianz.com/en/about-us/company/contact/germany.html,Germany | Allianz,
Allianz Corporate,Germany,Allianz Services,contact,München,"Allianz Technology SE, Allianz Services, Koeniginstr. 28, 80802 München",80802,,,,https://www.allianz.com/en/about-us/company/contact/germany.html,Germany | Allianz,
Allianz Corporate,Germany,Allianz Technology SE,contact,München,"Koeniginstr. 28, 80802 München, Germany",80802,,,https://tech.allianz.com,https://www.allianz.com/en/about-us/company/contact/germany.html,Germany | Allianz,
Allianz Corporate,Germany,Allianz Trade in Germany,contact,Hamburg,"Euler Hermes Germany Branch of Euler Hermes SA, Gasstr. 29, 22761 Hamburg, Germany",22761,+49 40 88 34-0,,www.allianz-trade.de,https://www.allianz.com/en/about-us/company/contact/germany.html,Germany | Allianz,
Allianz Corporate,Germany,Allianz Travel Insurance,contact,Aschheim near Munich,"AWP P&C S.A. Branch in Germany, Bahnhofstr. 16, 85609 Aschheim near Munich, Germany",85609,+49 89 262083-0,,www.allianz-reiseschutz.de,https://www.allianz.com/en/about-us/company/contact/germany.html,Germany | Allianz,
Allianz Corporate,Germany,Allianz Treuhand GmbH,contact,Stuttgart,"Reinsburgstrasse 19, 70178 Stuttgart, Germany",70178,+49 711 66 30 | +49 711 66 32 654,,,https://www.allianz.com/en/about-us/company/contact/germany.html,Germany | Allianz,
Allianz Corporate,Germany,Allianz Versicherungs-AG,contact,Munich,"Koeniginstrasse 28, 80802 Munich, Germany",80802,+49 89 3800 0 | +49 800 4400 101,,www.allianz.de,https://www.allianz.com/en/about-us/company/contact/germany.html,Germany | Allianz,
Allianz Corporate,Germany,Allianz X GmbH,contact,Munich,"Leopoldstrasse 28a, 80802 Munich, Germany",80802,,,https://allianzx.com,https://www.allianz.com/en/about-us/company/contact/germany.html,Germany | Allianz,
Allianz Corporate,Germany,AZT Automotive GmbH (Allianz Center for Technology),contact,Ismaning,"Münchener Str. 89, 85737 Ismaning",85737,+49 89 3800 6312,,www.azt-automotive.com,https://www.allianz.com/en/about-us/company/contact/germany.html,Germany | Allianz,
Allianz Corporate,Germany,Deutsche Lebensversicherungs-AG,contact,Berlin,"Merlitzstr. 8, 12489 Berlin, Germany",12489,+49 30 53893 647 10 | +49 800 4400 104,,www.dlvag.de | www.allianz.de | www.risikolebensversicherungen.com,https://www.allianz.com/en/about-us/company/contact/germany.html,Germany | Allianz,
Allianz Corporate,Germany,Euler Hermes Collections GmbH,contact,Potsdam,"Zeppelinstr. 48, 14471 Potsdam, Germany",14471,+49 331 27890 000 | +49 331 5057 121,,www.allianz-trade.de,https://www.allianz.com/en/about-us/company/contact/germany.html,Germany | Allianz,
Allianz Corporate,Germany,Foreign Trade and Investment Promotion Scheme,contact,Hamburg,"Euler Hermes Aktiengesellschaft, Gasstraße 29, 22761 Hamburg, Germany",22761,+49 40 8834 9090 | +49 40 8834 9141,,www.agaportal.de,https://www.allianz.com/en/about-us/company/contact/germany.html,Germany | Allianz,
Allianz Corporate,Germany,PIMCO Prime Real Estate GmbH,contact,Berlin,"Berlin, Joachimsthalerstr. 10, 10719 Berlin, Germany",10719,+49 89 3800-0,,www.pimcoprimerealestate.com,https://www.allianz.com/en/about-us/company/contact/germany.html,Germany | Allianz,
Allianz Corporate,Germany,Frankfurt am Main,contact,Frankfurt am Main,"Taunusanlage 17, 60325 Frankfurt am Main, Germany",60325,,,,https://www.allianz.com/en/about-us/company/contact/germany.html,Germany | Allianz,
Allianz Corporate,Germany,Hamburg,contact,Hamburg,"Kleine Rosenstr. 10, 20095 Hamburg, Germany",20095,,,,https://www.allianz.com/en/about-us/company/contact/germany.html,Germany | Allianz,
Allianz Corporate,Germany,Munich,contact,Munich,"Seidlstr. 24-24a, 80335 Munich, Germany",80335,,,,https://www.allianz.com/en/about-us/company/contact/germany.html,Germany | Allianz,
Allianz Corporate,Germany,Stuttgart,contact,Stuttgart,"Charlottenstr. 3, 70182 Stuttgart, Germany",70182,,,,https://www.allianz.com/en/about-us/company/contact/germany.html,Germany | Allianz,
Allianz Corporate,Greece,Allianz European Reliance Single Member Insurance S.A.,office,Kifisias Ave.,"274, Kifisias Ave., 152 32 Chalandri, Greece",,+30 210 8119500,,www.allianz.gr,https://www.allianz.com/en/about-us/company/contact/greece.html,Greece | Allianz,
Allianz Corporate,Greece,Allianz Single Member Mutual Fund Management S.A.,contact,Building C,"Athinon Ave. 110, Building C, 104 42 Athens, Greece",,+30 210 69 99 903,,www.allianzaedak.gr,https://www.allianz.com/en/about-us/company/contact/greece.html,Greece | Allianz,
Allianz Corporate,Greece,Allianz Partners,contact,173 42 Agios Dimitrios,"10 Premetis St, 173 42 Agios Dimitrios, Greece",,+30 211 10 98090,,www.allianz-assistance.gr,https://www.allianz.com/en/about-us/company/contact/greece.html,Greece | Allianz,
Allianz Corporate,Greece,Allianz Trade in Greece,contact,Nymfeou Str.,"16, Laodikias Str., & 1-3, Nymfeou Str., 115 28 Athens, Greece",,+30 210 6900 000,,www.allianz-trade.com,https://www.allianz.com/en/about-us/company/contact/greece.html,Greece | Allianz,
Allianz Corporate,Guernsey,Hauteville Insurance Company Ltd.,office,St Peter Port,"34 Les Canichers, St Peter Port, Guernsey GY1 2 LT",,+44 1481 724212 | +44 1481 720400,,www.allianz.fr,https://www.allianz.com/en/about-us/company/contact/guernsey.html,Guernsey | Allianz,
Allianz Corporate,Hungary,Allianz Hungária Zrt.,office,Budapest,"Könyves Kálmán krt. 48-52, 1087 Budapest, Hungary",1087,+36 1 4292 595 | +36 1 3016 100,,www.allianz.hu,https://www.allianz.com/en/about-us/company/contact/hungary.html,Hungary | Allianz,
Allianz Corporate,Hungary,Allianz Partners,contact,Budaörs,"Szabadság út 117, 2040 Budaörs, Hungary",2040,+36 23 507 416,,www.mondial-assistance.hu,https://www.allianz.com/en/about-us/company/contact/hungary.html,Hungary | Allianz,
Allianz Corporate,Hungary,"Allianz Technology SE, Magyarországi Fióktelepe",contact,Budapest,"Könyves Kalman körut 48, 1087 Budapest, Hungary",1087,,,www.tech.allianz.com,https://www.allianz.com/en/about-us/company/contact/hungary.html,Hungary | Allianz,
Allianz Corporate,Hungary,Allianz Trade in Hungary,contact,Budapest,"1139 Budapest, Váci út 99",1139,+36 1 453 9000,,www.allianz-trade.com,https://www.allianz.com/en/about-us/company/contact/hungary.html,Hungary | Allianz,
Allianz Corporate,Iceland,Allianz Ísland Söluumbod hf,office,220 Hafnarfirði,"Dalshrauni 3, 220 Hafnarfirði",,+354 595 3300 | +354 595 3350,,www.allianz.is,https://www.allianz.com/en/about-us/company/contact/iceland.html,Iceland | Allianz,
Allianz Corporate,Iceland,Allianz Ísland Söluumbod hf,office,Iceland,"Iceland, Opening hours: 9-16 working days",,+354 595 3300 | +354 595 3350,,www.allianz.is,https://www.allianz.com/en/about-us/company/contact/iceland.html,Iceland | Allianz,
Allianz Corporate,Iceland,Allianz Partners Nordic and Baltic Region,contact,VM Amsterdam,"Poeldijkstraat 4, 1059 VM Amsterdam, The Netherlands",1059,,,www.allianz-partners.com,https://www.allianz.com/en/about-us/company/contact/iceland.html,Iceland | Allianz,
Allianz Corporate,Ireland,Allianz Ireland Plc,office,Merrion Road,"Allianz House, Elmpark, Merrion Road, Dublin 4, Ireland",,+353 1 6133 000 | +353 1 6609 220,,www.allianz.ie,https://www.allianz.com/en/about-us/company/contact/ireland.html,Ireland | Allianz,
Allianz Corporate,Ireland,Allianz Global Corporate & Specialty,contact,Merrion Roard,"Allianz House, Elm Park, Merrion Roard, Dublin 4, D04 Y6Y6 Ireland",,+353 1 613 3000,,www.agcs.allianz.com,https://www.allianz.com/en/about-us/company/contact/ireland.html,Ireland | Allianz,
Allianz Corporate,Ireland,Allianz Global Life dac.,contact,Allianz Partners,"Maple House, Temple Road,, Blackrock,, Dublin, Ireland, Allianz Partners, 18b Beckett Way",,+353 1 2422 300 | +353 1 2422 302,,www.allianzgloballife.com,https://www.allianz.com/en/about-us/company/contact/ireland.html,Ireland | Allianz,
Allianz Corporate,Ireland,Park West Business Campus,contact,Nangor Road,"Nangor Road, Dublin 12, Ireland",,+353 1448 48 48,,www.allianz-assistance.ie,https://www.allianz.com/en/about-us/company/contact/ireland.html,Ireland | Allianz,
Allianz Corporate,Ireland,Allianz Partners - International Health,contact,15 Joyce Way,15 Joyce Way,,,,,https://www.allianz.com/en/about-us/company/contact/ireland.html,Ireland | Allianz,
Allianz Corporate,Ireland,Allianz Re Dublin dac,contact,Merrion Road,"Allianz House, Elmpark, Merrion Road, Dublin 4, Ireland",,+353 1 5125 400 | +353 1 5125 401,,www.allianzre.com,https://www.allianz.com/en/about-us/company/contact/ireland.html,Ireland | Allianz,
Allianz Corporate,Ireland,Allianz Technology SE,contact,Merrion Road,"Allianz House, Elmpark, Merrion Road, Dublin 4, D04 Y6Y6, Ireland",,,,www.tech.allianz.com,https://www.allianz.com/en/about-us/company/contact/ireland.html,Ireland | Allianz,
Allianz Corporate,Ireland,Allianz Trade in Ireland,contact,Allianz House,"Allianz House, 4 Elm Park, D04 Y6Y6 Dublin, Ireland",,+353 (0)1 518 7900,,www.allianz-trade.com,https://www.allianz.com/en/about-us/company/contact/ireland.html,Ireland | Allianz,
Allianz Corporate,Italy,Allianz S.p.A.,registered_office,Milano,"Piazza Tre Torri, 3 – 20145 Milano, Italy",20145,+39 02 721 61 | +39 02 2216 5000,,www.allianz.it,https://www.allianz.com/en/about-us/company/contact/italy.html,Italy | Allianz,
Allianz Corporate,Italy,Allianz S.p.A.,operational_offices,Milano,"Piazza Tre Torri, 3 - 20145 Milano, Italy",20145,+39 02 721 61 | +39 02 2216 5000,,www.allianz.it,https://www.allianz.com/en/about-us/company/contact/italy.html,Italy | Allianz,
Allianz Corporate,Italy,Allianz S.p.A.,operational_offices,Trieste,"Largo Ugo Irneri, 1 - 34123 Trieste, Italy",34123,+39 02 721 61 | +39 02 2216 5000,,www.allianz.it,https://www.allianz.com/en/about-us/company/contact/italy.html,Italy | Allianz,
Allianz Corporate,Italy,Allianz Bank Financial Advisors S.p.A.,contact,Milano,"Piazza Tre Torri 3, 20145 Milano, Italy",20145,+39 02 5550 6132 | +39 02 8901 0884,,www.allianzbank.it,https://www.allianz.com/en/about-us/company/contact/italy.html,Italy | Allianz,
Allianz Corporate,Italy,Allianz Commercial,contact,Milan,"Piazza Tre Torri 3, 20145 Milan, Italy",20145,,,www.commercial.allianz.com,https://www.allianz.com/en/about-us/company/contact/italy.html,Italy | Allianz,
Allianz Corporate,Italy,Allianz Direct S.p.A.,contact,Milano,"Piazza Tre Torri 3, 20145 Milano, Italy",20145,+39 02 3045 9009,,www.allianzdirect.it,https://www.allianz.com/en/about-us/company/contact/italy.html,Italy | Allianz,
Allianz Corporate,Italy,"Allianz Global Investors GmbH, Succursale di Milano",contact,Milano,"Piazza Velasca 7, 20122 Milano, Italy",20122,+39 02 8704 7000 | +39 02 8704 8239,,www.it.allianzgi.com,https://www.allianz.com/en/about-us/company/contact/italy.html,Italy | Allianz,
Allianz Corporate,Italy,Allianz Partners,contact,Milano,"Viale Brenta, 32, 20139 Milano, Italy",20139,+800 408 804,,www.allianz-global-assistance.it,https://www.allianz.com/en/about-us/company/contact/italy.html,Italy | Allianz,
Allianz Corporate,Italy,Allianz Real Estate GmbH Italy,contact,Milan,"Piazza Tre Torri, 3, 20145 Milan, Italy",20145,,,,https://www.allianz.com/en/about-us/company/contact/italy.html,Italy | Allianz,
Allianz Corporate,Italy,Allianz Services Italy,contact,Piazza Tre Torri 3,Piazza Tre Torri 3,,,,,https://www.allianz.com/en/about-us/company/contact/italy.html,Italy | Allianz,
Allianz Corporate,Italy,Milan,contact,Trieste,"Italy, Allianz Technology, Allianz Technology S.p.A. Trieste, Largo Ugo Irneri 1, 34123 Trieste, Italy",34123,,,,https://www.allianz.com/en/about-us/company/contact/italy.html,Italy | Allianz,
Allianz Corporate,Italy,Allianz Technology S.p.A. Milano,contact,Milano,"Via Oglio 12, 20139 Milano, Italy",20139,,,www.tech.allianz.com,https://www.allianz.com/en/about-us/company/contact/italy.html,Italy | Allianz,
Allianz Corporate,Italy,Allianz Trade in Italy,contact,Roma RM,"Via Raffaello Matarazzo, 19, 00139 Roma RM, Italia",00139,+39 06 8700 7420,,www.allianz-trade.com,https://www.allianz.com/en/about-us/company/contact/italy.html,Italy | Allianz,
Allianz Corporate,Italy,Investitori Sgr S.p.A.,contact,Milano,"Piazza Erculea 15, 20122 Milano, Italy",20122,+39 02 7216 2500 | +39 02 8058 0271,,www.investorisgr.it,https://www.allianz.com/en/about-us/company/contact/italy.html,Italy | Allianz,
Allianz Corporate,Latvia,Allianz Partners Nordic and Baltic Region,office,VM Amsterdam,"Poeldijkstraat 4, 1059 VM Amsterdam, The Netherlands",1059,,,www.allianz-partners.com,https://www.allianz.com/en/about-us/company/contact/latvia.html,Latvia | Allianz,
Allianz Corporate,Latvia,"Sampo Kindlustuse AS, Latvia",office,Riga,"Merkela Street 1, 1050 Riga, Latvia",1050,+371 7225 222 | +371 7225 585,,,https://www.allianz.com/en/about-us/company/contact/latvia.html,Latvia | Allianz,
Allianz Corporate,Liechtenstein,Allianz Commercial (Allianz Risk Transfer AG),office,Schaan,"Im alten Riet 102, 9494 Schaan, Liechtenstein",9494,,,www.commercial.allianz.com,https://www.allianz.com/en/about-us/company/contact/liechtenstein.html,Liechtenstein | Allianz,
Allianz Corporate,Lithuania,Allianz Lietuva gyvybės draudimas UAB,office,Vilnius,"Lvivo g. 25-701, LT-09320 Vilnius, Lithuania",09320,+370 5 2690169,,www.allianz.lt,https://www.allianz.com/en/about-us/company/contact/lithuania.html,Lithuania | Allianz,
Allianz Corporate,Lithuania,Allianz Partners Nordic and Baltic Region,contact,VM Amsterdam,"Poeldijkstraat 4, 1059 VM Amsterdam, The Netherlands",1059,,,www.allianz-partners.com,https://www.allianz.com/en/about-us/company/contact/lithuania.html,Lithuania | Allianz,
Allianz Corporate,Luxembourg,Allianz Insurance Luxembourg,office,Luxemburg,"14 bld F.D. Roosevelt, 2450 Luxemburg",2450,+352 472 3461 | +352 472 3462 35,,www.allianz.lu,https://www.allianz.com/en/about-us/company/contact/luxembourg.html,Luxembourg | Allianz,
Allianz Corporate,Luxembourg,"Allianz Global Investors GmbH, Luxembourg Branch",contact,route de Trèves,"6a, route de Trèves, L-2633 Luxembourg",2633,+352 46 346 31 | +352 4634 63620,,www.allianzgi.lu,https://www.allianz.com/en/about-us/company/contact/luxembourg.html,Luxembourg | Allianz,
Allianz Corporate,Luxembourg,Allianz Life Luxembourg S.A,contact,Luxemburg,"14 bld F.D. Roosevelt, 2450 Luxemburg",2450,+352 472 3461 | +352 472 3462 35,,www.allianz.lu,https://www.allianz.com/en/about-us/company/contact/luxembourg.html,Luxembourg | Allianz,
Allianz Corporate,Netherlands,Allianz Nederland Groep NV,office,AT Rotterdam,"P.O. Box 761, 3000 AT Rotterdam, The Netherlands",3000,,,www.allianz.nl,https://www.allianz.com/en/about-us/company/contact/netherlands.html,Netherlands | Allianz,
Allianz Corporate,Netherlands,Allianz Benelux N.V. Netherlands Branch,contact,AT Rotterdam,"P.O. Box 761, 3000 AT Rotterdam, The Netherlands",3000,,,,https://www.allianz.com/en/about-us/company/contact/netherlands.html,Netherlands | Allianz,
Allianz Corporate,Netherlands,Allianz Commercial,contact,AG Rotterdam,"Coolsingel 120, 3011 AG Rotterdam, Netherlands",3011,,,www.commercial.allianz.com,https://www.allianz.com/en/about-us/company/contact/netherlands.html,Netherlands | Allianz,
Allianz Corporate,Netherlands,Allianz Direct Netherlands,contact,AP Rotterdam,"Postbus 761, 3011 AP Rotterdam, The Netherlands",3011,,,www.allianzdirect.nl,https://www.allianz.com/en/about-us/company/contact/netherlands.html,Netherlands | Allianz,
Allianz Corporate,Netherlands,Allianz Global Investors,contact,AG Rotterdam,"Coolsingel 120, 3011 AG Rotterdam, The Netherlands",3011,,,nl.allianzgi.com,https://www.allianz.com/en/about-us/company/contact/netherlands.html,Netherlands | Allianz,
Allianz Corporate,Netherlands,Allianz Partners,contact,VM Amsterdam,"Poeldijkstraat 4, 1059 VM Amsterdam, Netherlands",1059,+31 20 561 87 11,,www.allianz-partners.com,https://www.allianz.com/en/about-us/company/contact/netherlands.html,Netherlands | Allianz,
Allianz Corporate,Netherlands,Allianz Technology,contact,AT Rotterdam,"Coolsingel 120, 3000 AT Rotterdam, The Netherlands",3000,,,www.tech.allianz.com,https://www.allianz.com/en/about-us/company/contact/netherlands.html,Netherlands | Allianz,
Allianz Corporate,Netherlands,Allianz Trade in the Netherlands,contact,TV,"Brabantlaan 2, 5216 TV ’s-Hertogenbosch, The Netherlands",5216,+31 73 6889 999,,www.allianz-trade.com,https://www.allianz.com/en/about-us/company/contact/netherlands.html,Netherlands | Allianz,
Allianz Corporate,Netherlands,Euler Hermes Garanties,contact,AL Amsterdam,"De Entree 31 (Alpha Tower), P.O. Box 12473, 1100 AL Amsterdam, The Netherlands, Our brand name, website domain names and email addresses changed to Allianz Trade effective March 28, 2022.",2022,+31 20 696 39 41,,www.allianz-trade.nl,https://www.allianz.com/en/about-us/company/contact/netherlands.html,Netherlands | Allianz,
Allianz Corporate,Norway,Allianz Global Corporate & Specialty AS,office,St,"Holbergsgate 21, Postboks 6875 St.Olavs plass, Oslo, 0130, Norway",0130,+45 32 70 00 14,,www.agcs.allianz.com,https://www.allianz.com/en/about-us/company/contact/norway.html,Norway | Allianz,
Allianz Corporate,Norway,Allianz Partners Nordic and Baltic Region,office,VM Amsterdam,"Poeldijkstraat 4, 1059 VM Amsterdam, The Netherlands",1059,,,www.allianz-partners.com,https://www.allianz.com/en/about-us/company/contact/norway.html,Norway | Allianz,
Allianz Corporate,Norway,Allianz Trade in Norway,office,Oslo,"Holbergsgate 21, P.O. Box 6875, St. Olavs Plass, 0130 Oslo, Norway",0130,+47 23 25 60 00,,www.allianz-trade.com,https://www.allianz.com/en/about-us/company/contact/norway.html,Norway | Allianz,
Allianz Corporate,Poland,PTE Allianz Polska S.A.,office,00-189 Warszawa,"ul. Inflancka 4B, 00-189 Warszawa, Poland",,+48 224 224 224,,www.allianz.pl,https://www.allianz.com/en/about-us/company/contact/poland.html,Poland | Allianz,
Allianz Corporate,Poland,Allianz Global Corporate & Specialty,contact,TU Allianz POLSKA S.A.,"TU Allianz POLSKA S.A., ul. Rodziny Hiszpanskich 1, 02-685 Warszawa, Poland",,+48 224 224 224,,www.allianz.pl/,https://www.allianz.com/en/about-us/company/contact/poland.html,Poland | Allianz,
Allianz Corporate,Poland,Allianz Partners,contact,02-672 Warszawa,"ul. Domaniewska 50 B, 02-672 Warszawa, Poland",,+48 22 522 2500,,www.allianz-worldwide-partners.pl,https://www.allianz.com/en/about-us/company/contact/poland.html,Poland | Allianz,
Allianz Corporate,Poland,Allianz Trade in Poland,contact,00-807 Warsaw,"Al. Jerozolimskie 98, 00-807 Warsaw, Poland",,+48 22 233 4444,,www.allianz-trade.com,https://www.allianz.com/en/about-us/company/contact/poland.html,Poland | Allianz,
Allianz Corporate,Poland,Santander Allianz Towarzystwo Ubezpieczeń na Życie S.A.,contact,00-189 Warsaw,"ul. Inflancka 4b, 00-189 Warsaw, Poland",,+48 801 888 188 | +48 22 557 44 71,,www.santander.allianz.pl,https://www.allianz.com/en/about-us/company/contact/poland.html,Poland | Allianz,
Allianz Corporate,Poland,Santander Allianz Towarzystwo Ubezpieczeń S.A.,contact,00-189 Warsaw,"ul. Inflancka 4b, 00-189 Warsaw, Poland",,+48 801 888 188 | +48 22 557 44 71,,www.santander.allianz.pl,https://www.allianz.com/en/about-us/company/contact/poland.html,Poland | Allianz,
Allianz Corporate,Poland,TFI Allianz Polska S.A.,contact,00-189 Warszawa,"ul. Inflancka 4B, 00-189 Warszawa, Poland",,+48 224 224 224,,www.allianz.pl,https://www.allianz.com/en/about-us/company/contact/poland.html,Poland | Allianz,
Allianz Corporate,Poland,TU Allianz Zycie Polska S.A.,contact,00-189 Warszawa,"ul. Inflancka 4B, 00-189 Warszawa, Poland",,+48 224 224 224,,www.allianz.pl,https://www.allianz.com/en/about-us/company/contact/poland.html,Poland | Allianz,
Allianz Corporate,Poland,TUiR Allianz Polska S.A,contact,00-189 Warszawa,"ul. Inflancka 4B, 00-189 Warszawa, Poland",,+48 224 224 224,,www.allianz.pl,https://www.allianz.com/en/about-us/company/contact/poland.html,Poland | Allianz,
Allianz Corporate,Portugal,Allianz Portugal,office,1069-014 Lisboa,"Rua Andrade Corvo 32, 1069-014 Lisboa, Portugal",1069,+351 213 108 300 | +351 213 165 570,,www.allianz.pt/,https://www.allianz.com/en/about-us/company/contact/portugal.html,Portugal | Allianz,
Allianz Corporate,Portugal,Allianz Commercial,contact,1069-014 Lisboa,"R. Andrade Corvo 32, 1069-014 Lisboa, Portugal",1069,,,www.commercial.allianz.com,https://www.allianz.com/en/about-us/company/contact/portugal.html,Portugal | Allianz,
Allianz Corporate,Portugal,Allianz Global Investors Europe GmbH,contact,1069-014 Lisboa,"Companhia de Seguros Allianz Portugal S.A, Rua Andrade Corvo 32, 1069-014 Lisboa, Portugal",1069,+351 213 165 590 | +351 213 165 596,,,https://www.allianz.com/en/about-us/company/contact/portugal.html,Portugal | Allianz,
Allianz Corporate,Portugal,Allianz Partners,contact,Av. do Brasil,"Av. do Brasil, 56, 3.º Piso, 1700-073 Lisboa, Portugal",1700,+351 210 014 284,,www.allianz-partners.com,https://www.allianz.com/en/about-us/company/contact/portugal.html,Portugal | Allianz,
Allianz Corporate,Portugal,"COSEC - Companhia de Seguro de Créditos, S.A.",contact,1069-057 Lisboa,"Av. da República nº 58, 1069-057 Lisboa, Portugal",1069,+351 21 791 3700,,,https://www.allianz.com/en/about-us/company/contact/portugal.html,Portugal | Allianz,
Allianz Corporate,Romania,Allianz-Tiriac Asigurari S.A.,office,Zip Code 011 017,"82-94 Buzești St., Floors 3, 4, 12, District 1, Zip Code 011 017, Romania",,40 21 2082 222 | 40 21 2082 211,,www.AllianzTiriac.ro,https://www.allianz.com/en/about-us/company/contact/romania.html,Romania | Allianz,
Allianz Corporate,Romania,Allianz Partners,contact,Floreasca Park - Building A,"Floreasca Park - Building A, Soseaua Pipera 43, 5th Floor, Sector 2",,,,,https://www.allianz.com/en/about-us/company/contact/romania.html,Romania | Allianz,
Allianz Corporate,Romania,Bucharest,contact,Globalworth Campus- Building C,"Romania, Allianz Services Romania, Globalworth Campus- Building C, Ing. George Constantinescu street 2-4, 14th Floor, District 2",,+40 21 312 22 37,,www.allianzworldwidepartners.ro,https://www.allianz.com/en/about-us/company/contact/romania.html,Romania | Allianz,
Allianz Corporate,Romania,Bucharest,contact,Floreasca Park - Building A,"Romania, Allianz Technology, Floreasca Park - Building A, Soseaua Pipera 43, Sector 2",,,,,https://www.allianz.com/en/about-us/company/contact/romania.html,Romania | Allianz,
Allianz Corporate,Romania,Bucharest,contact,Allianz-Tiriac Pensii Private,"Romania, Allianz-Tiriac Pensii Private, Emanoil Porumbaru 85-87, Sector 1",,,,www.tech.allianz.com,https://www.allianz.com/en/about-us/company/contact/romania.html,Romania | Allianz,
Allianz Corporate,Romania,Bucharest,contact,Cladirea B,"Romania, Allianz Trade in Romania, Oregon Park, Cladirea B, Et. 1, Șoseaua Pipera 46D-46E-48, Sector 2",,40 21 2072 166 | 40 21 2072 170,,www.aztpensii.ro,https://www.allianz.com/en/about-us/company/contact/romania.html,Romania | Allianz,
Allianz Corporate,Romania,Bucharest,contact,,Romania,,+40 21 302 0300,,www.allianz-trade.com,https://www.allianz.com/en/about-us/company/contact/romania.html,Romania | Allianz,
Allianz Corporate,Slovakia,"Allianz Slovenská poistovna, a. s.",office,815 74 Bratislava,"Dostojevského rad 4, 815 74 Bratislava, Slovakia",,+421 2 50 122 222 | +421 2 5963 2740,,www.allianz.sk,https://www.allianz.com/en/about-us/company/contact/slovakia.html,Slovakia | Allianz,
Allianz Corporate,Slovakia,"Allianz Slovenská dôchodková správcovská spolocnost, a.s. (Pension Fund Company)",contact,811 09 Bratislava,"Pribinova 19, 811 09 Bratislava, Slovakia",,+421 2 57 10 6811,,www.asdss.sk,https://www.allianz.com/en/about-us/company/contact/slovakia.html,Slovakia | Allianz,
Allianz Corporate,Slovakia,"Allianz Technology SE, organizačná zložka",contact,Nivy Tower,"Allianz Technology (Slovakia) s.r.o., Nivy Tower, Mlynské nivy 18890/5, 821 09 Bratislava - mestská časť Ružinov, Slovakia",18890,,,www.tech.allianz.com,https://www.allianz.com/en/about-us/company/contact/slovakia.html,Slovakia | Allianz,
Allianz Corporate,Slovakia,Allianz Trade in Slovakia,contact,821 01 Bratislava,"Bajkalská 19B, 821 01 Bratislava, Slovakia",,+421 2 582 809 11,,www.allianz-trade.com,https://www.allianz.com/en/about-us/company/contact/slovakia.html,Slovakia | Allianz,
Allianz Corporate,Slovenia,"Allianz Slovenija, podružnica",office,Ljubljana,"Celovška cesta 252, 1000 Ljubljana, Slovenia",1000,+386 1 580 94 75,,www.allianz-slovenija.si,https://www.allianz.com/en/about-us/company/contact/slovenia.html,Slovenia | Allianz,
Allianz Corporate,Spain,Allianz Compañía de Seguros y Reaseguros S.A.,office,Madrid,"C/ Ramírez de Arellano, 28043 Madrid, Spain",28043,+34 902 232 629 | +34 902 333 639,,www.allianz.es,https://www.allianz.com/en/about-us/company/contact/spain.html,Spain | Allianz,
Allianz Corporate,Spain,Allianz Commercial,contact,Madrid,"Calle Ramírez, d, e Arellano 35, 28043 Madrid, Spain",28043,,,www.commercial.allianz.com,https://www.allianz.com/en/about-us/company/contact/spain.html,Spain | Allianz,
Allianz Corporate,Spain,"Allianz Global Investors GmbH, Sucursal en España",contact,Madrid,"Calle Serrano, 49 (Entrada por Ortega y Gasset,7), 28006 Madrid, Spain",28006,+34 91 0477 400,,www.es.allianzgi.com,https://www.allianz.com/en/about-us/company/contact/spain.html,Spain | Allianz,
Allianz Corporate,Spain,Allianz Partners,contact,Madrid,"C/Ramírez de Arellano 35, 28043 Madrid, Spain",28043,+34 902 102 998,,www.allianz-assistance.es,https://www.allianz.com/en/about-us/company/contact/spain.html,Spain | Allianz,
Allianz Corporate,Spain,Allianz Popular SL,contact,Madrid,"C/ Ramírez de Arellano 35, 28043 Madrid, Spain",28043,+34 91 4360 300 | +34 91 4360 263,,www.allianz.es,https://www.allianz.com/en/about-us/company/contact/spain.html,Spain | Allianz,
Allianz Corporate,Spain,Allianz Real Estate GmbH Iberia,contact,Madrid,"Sucursal en España, C/ Ramírez de Arellano 35, 28043 Madrid, Spain",28043,,,,https://www.allianz.com/en/about-us/company/contact/spain.html,Spain | Allianz,
Allianz Corporate,Spain,Allianz Technology SE,contact,Barcelona,"Allianz Technology Iberolatam, Tarragona 109, 4th Floor, 08014 Barcelona, Spain",08014,,,,https://www.allianz.com/en/about-us/company/contact/spain.html,Spain | Allianz,
Allianz Corporate,Spain,Allianz Technology Spain,contact,Barcelona,"Avenida Icaria, 199, 08005 Barcelona, Spain",08005,,,www.tech.allianz.com,https://www.allianz.com/en/about-us/company/contact/spain.html,Spain | Allianz,
Allianz Corporate,Spain,"Amaya, Compañía de Seguros y Reaseguros, S.A.",contact,Madrid,"C/ Ramírez de Arellano 35, 28043 Madrid, Spain",28043,+34 91 5962 254 | +34 93 2277 235,,www.allianz.es,https://www.allianz.com/en/about-us/company/contact/spain.html,Spain | Allianz,
Allianz Corporate,Spain,"Fénix Directo, Compañía de Seguros y Reaseguros, S.A.",contact,Madrid,"C/ Ramírez de Arellano 35, 28043 Madrid, Spain",28043,+34 902 4444 44 | +34 902 2722 72,,www.fenixdirecto.com,https://www.allianz.com/en/about-us/company/contact/spain.html,Spain | Allianz,
Allianz Corporate,Spain,Solunion (Joint venture Euler Hermes / MAPFRE),contact,Avda. General Perón,"Avda. General Perón, 40",,,,,https://www.allianz.com/en/about-us/company/contact/spain.html,Spain | Allianz,
Allianz Corporate,Spain,Edificio Moda Shopping,contact,Madrid,"28020 Madrid, Spain",28020,+34 91 5813 400,,www.solunionseguros.es,https://www.allianz.com/en/about-us/company/contact/spain.html,Spain | Allianz,
Allianz Corporate,Sweden,Allianz Commercial,office,Visitor's address:,"Visitor's address:, Norrlandsgatan 16, 111 43 Stockholm",,,,,https://www.allianz.com/en/about-us/company/contact/sweden.html,Sweden | Allianz,
Allianz Corporate,Sweden,Allianz Trade in Sweden,office,101 34 Stockholm,"Sveavägen 98, P.O. Box 729, 101 34 Stockholm",,,,,https://www.allianz.com/en/about-us/company/contact/sweden.html,Sweden | Allianz,
Allianz Corporate,Switzerland,Allianz Suisse Versicherungs-Gesellschaft,office,Zürich,"PO Box 8010 Zürich, Richtiplatz 1, Switzerland",8010,+41 58 358 7111 | +41 58 358 4042,,www.allianz.ch,https://www.allianz.com/en/about-us/company/contact/switzerland.html,Switzerland | Allianz,
Allianz Corporate,Switzerland,Allianz Suisse Versicherungs-Gesellschaft,office,Wallisellen,"8304 Wallisellen, Switzerland",8304,+41 58 358 7111 | +41 58 358 4042,,www.allianz.ch,https://www.allianz.com/en/about-us/company/contact/switzerland.html,Switzerland | Allianz,
Allianz Corporate,Switzerland,Allianz Commercial (Allianz Risk Transfer AG) Zurich / Wallisellen Branch,contact,Wallisellen,"Visitor address:, Richtiplatz 1, CH-8304 Wallisellen, Switzerland",8304,,,,https://www.allianz.com/en/about-us/company/contact/switzerland.html,Switzerland | Allianz,
Allianz Corporate,Switzerland,Postal address:,contact,Zurich,"Postfach, CH-8010 Zurich, Switzerland",8010,,,commercial.allianz.com,https://www.allianz.com/en/about-us/company/contact/switzerland.html,Switzerland | Allianz,
Allianz Corporate,Switzerland,Allianz Global Investors (Switzerland) Ltd.,contact,Zurich,"Gottfried-Keller-Strasse 5, 8001 Zurich, Switzerland",8001,+41 44 206 44 77 | +41 44 206 44 99,,www.allianzgi.ch,https://www.allianz.com/en/about-us/company/contact/switzerland.html,Switzerland | Allianz,
Allianz Corporate,Switzerland,Allianz Partners,contact,Wallisellen,"Wallisellen Branch, Hertistrasse 2, 8304 Wallisellen, Switzerland",8304,+41 44 283 32 22,,www.allianz-assistance.ch,https://www.allianz.com/en/about-us/company/contact/switzerland.html,Switzerland | Allianz,
Allianz Corporate,Switzerland,Allianz Re (Zurich Branch),contact,Wallisellen,"Richtiplatz 1, 8304 Wallisellen, Switzerland",8304,+41 44 285 9595 | +41 44 285 9596,,www.allianzre.com,https://www.allianz.com/en/about-us/company/contact/switzerland.html,Switzerland | Allianz,
Allianz Corporate,Switzerland,Allianz Suisse Immobilien AG,contact,Wallisellen,"Wallisellen, Richtiplatz 1, 8304 Wallisellen, Switzerland",8304,,,,https://www.allianz.com/en/about-us/company/contact/switzerland.html,Switzerland | Allianz,
Allianz Corporate,Switzerland,Bern,contact,Bern,"Effingerstrasse 34, 3001 Bern, Switzerland",3001,,,,https://www.allianz.com/en/about-us/company/contact/switzerland.html,Switzerland | Allianz,
Allianz Corporate,Switzerland,Lausanne,contact,Lausanne,"Route de Chavannes 31, 1007 Lausanne, Switzerland",1007,,,,https://www.allianz.com/en/about-us/company/contact/switzerland.html,Switzerland | Allianz,
Allianz Corporate,Switzerland,Genève,contact,Genève,"Avenue du Bouchet 12, 1211 Genève 28, Switzerland",1211,+41 58 358 0111 | +41 58 358 0112,,www.allianz.ch/immo,https://www.allianz.com/en/about-us/company/contact/switzerland.html,Switzerland | Allianz,
Allianz Corporate,Switzerland,Allianz Suisse Versicherungs-Gesellschaft,contact,Zürich,"PO Box 8010 Zürich, Richtiplatz 1, 8304 Wallisellen, Switzerland",8304,+41 58 358 7111 | +41 58 358 4042,,www.allianz.ch,https://www.allianz.com/en/about-us/company/contact/switzerland.html,Switzerland | Allianz,
Allianz Corporate,Switzerland,Allianz Technology SE Branch CH,contact,Wallisellen,"Richtiplatz 1, 8304 Wallisellen, Switzerland",8304,,,www.tech.allianz.com,https://www.allianz.com/en/about-us/company/contact/switzerland.html,Switzerland | Allianz,
Allianz Corporate,Switzerland,Allianz Trade in Switzerland,contact,Richtiplatz 1,Richtiplatz 1,,,,,https://www.allianz.com/en/about-us/company/contact/switzerland.html,Switzerland | Allianz,
Allianz Corporate,Switzerland,Postfach,contact,Wallisellen,"8304 Wallisellen, Switzerland",8304,+41 44 283 6565,,www.allianz-trade.com,https://www.allianz.com/en/about-us/company/contact/switzerland.html,Switzerland | Allianz,
Allianz Corporate,Switzerland,CAP Rechtsschutz,contact,Zürich,PO Box 8010 Zürich,8010,,,,https://www.allianz.com/en/about-us/company/contact/switzerland.html,Switzerland | Allianz,
Allianz Corporate,Switzerland,Visitors adress:,contact,Wallisellen,"Neue Winterthurer Strasse 88, 8304 Wallisellen, Switzerland",8304,+41 58 358 0900 | +41 58 358 0901,,www.cap.ch,https://www.allianz.com/en/about-us/company/contact/switzerland.html,Switzerland | Allianz,
Allianz Corporate,Switzerland,ELVIA Reiseversicherungs-Gesellschaft,contact,Zürich,"PO Box, 8010 Zürich, Switzerland, 0800 055 088 (free)",0800,,,www.elvia.ch,https://www.allianz.com/en/about-us/company/contact/switzerland.html,Switzerland | Allianz,
Allianz Corporate,Switzerland,Euler Hermes Reinsurance AG,contact,Wallisellen,"Visitor address:, Richtiplatz 1, CH-8304 Wallisellen, Switzerland",8304,,,,https://www.allianz.com/en/about-us/company/contact/switzerland.html,Switzerland | Allianz,
Allianz Corporate,Switzerland,Gesellschaft für Vorsorgeberatung,contact,Wallisellen,"Richtiplatz 1, 8304 Wallisellen, Switzerland",8304,+41 58 358 0558 | +41 58 358 0559,,www.vorsorgeberatung.biz,https://www.allianz.com/en/about-us/company/contact/switzerland.html,Switzerland | Allianz,
Allianz Corporate,Türkiye,Allianz Hayat ve Emeklilik A.S.,office,Kucukbakkalkoy Mahallesi,"Allianz Tower, Kucukbakkalkoy Mahallesi, Kayisdagi Caddesi. No: 1, Atasehir/Istanbul 34750",34750,+90 850 399 99 99 | +90 216 556 67 77,,www.allianz.com.tr,https://www.allianz.com/en/about-us/company/contact/turkiye.html,Türkiye | Allianz,
Allianz Corporate,Türkiye,Allianz Partners,contact,Üsküdar Istanbul,"Altunizade Mah, Kısıklı Cad. No: 47 Kat: 3-4, 34662 Üsküdar Istanbul",34662,,,,https://www.allianz.com/en/about-us/company/contact/turkiye.html,Türkiye | Allianz,
Allianz Corporate,Türkiye,Allianz Yasam ve Emeklilik A.S.,contact,Kucukbakkalkoy Mahallesi,"Allianz Tower, Kucukbakkalkoy Mahallesi, Kayisdagi Caddesi. No: 1, Atasehir/Istanbul 34750",34750,,,,https://www.allianz.com/en/about-us/company/contact/turkiye.html,Türkiye | Allianz,
Allianz Corporate,Ukraine,Allianz Ukraine,office,Kyiv,"21 G, Dehtyarivska St., 04119 Kyiv, Ukraine",04119,+38 044 4997 700 | +38 044 4997 701,,www.allianz.ua,https://www.allianz.com/en/about-us/company/contact/ukraine.html,Ukraine | Allianz,
Allianz Corporate,Ukraine,24/7 Information Support Center,contact,Toll-free number from Landline in Ukraine: 0800 500 727,Toll-free number from Landline in Ukraine: 0800 500 727,0800,,,,https://www.allianz.com/en/about-us/company/contact/ukraine.html,Ukraine | Allianz,
Allianz Corporate,Ukraine,"Commercial property, liability and transport insurance",contact,Toll-free number from Landline in Ukraine: 0800 500 727,Toll-free number from Landline in Ukraine: 0800 500 727,0800,+38 044 499 77 00,,,https://www.allianz.com/en/about-us/company/contact/ukraine.html,Ukraine | Allianz,
Allianz Corporate,Ukraine,Property or car insurance,contact,Toll-free number from Landline in Ukraine: 0800 500 727,Toll-free number from Landline in Ukraine: 0800 500 727,0800,+38 044 4590 051,,,https://www.allianz.com/en/about-us/company/contact/ukraine.html,Ukraine | Allianz,
Allianz Corporate,United Kingdom,Allianz Holdings plc,office,Guildford,"Guildford Business Park, Guildford, Surrey GU2 8XG, United Kingdom",,+44 1483 568 161,,www.allianz.co.uk,https://www.allianz.com/en/about-us/company/contact/united-kingdom.html,United Kingdom | Allianz,
Allianz Corporate,United Kingdom,"Allianz Global Corporate & Specialty SE, UK Branch t/a Allianz Commercial Registered Office",contact,London EC2N 3AR,"15 Bishopsgate, London EC2N 3AR, United Kingdom",,+44 20 3451 3000 | +44 20 7488 0509,,www.agcs.allianz.com/,https://www.allianz.com/en/about-us/company/contact/united-kingdom.html,United Kingdom | Allianz,
Allianz Corporate,United Kingdom,Allianz Global Investors UK Ltd.,contact,London EC2M 3TY,"199 Bishopsgate, London EC2M 3TY, United Kingdom",,+44 20 7859 9000,,uk.allianzgi.com,https://www.allianz.com/en/about-us/company/contact/united-kingdom.html,United Kingdom | Allianz,
Allianz Corporate,United Kingdom,Allianz Insurance plc,contact,Guildford,"Guildford Business Park, Guildford, Surrey GU2 8XG, United Kingdom",,+44 1483 568 161,,www.allianz.co.uk,https://www.allianz.com/en/about-us/company/contact/united-kingdom.html,United Kingdom | Allianz,
Allianz Corporate,United Kingdom,Allianz Northern Ireland,contact,Allianz,"Allianz, 3 Cromac Quay,",,,,,https://www.allianz.com/en/about-us/company/contact/united-kingdom.html,United Kingdom | Allianz,
Allianz Corporate,United Kingdom,The Gasworks,contact,Ormeau Road,"Ormeau Road, Belfast BT7 2JD",,,,,https://www.allianz.com/en/about-us/company/contact/united-kingdom.html,United Kingdom | Allianz,
Allianz Corporate,United Kingdom,Northern Ireland,contact,Allianz Partners (AWP Assistance UK Ltd),"Allianz Partners (AWP Assistance UK Ltd), 102 George Street",,+44 28 9089 5600 | +44 28 9043 4222,,www.allianz-ni.co.uk,https://www.allianz.com/en/about-us/company/contact/united-kingdom.html,United Kingdom | Allianz,
Allianz Corporate,United Kingdom,Croydon,contact,Surrey,"Surrey, CR9 6HD",,+44 20 8681 2525 | +44 20 8688 0577,,www.allianz-assistance.co.uk,https://www.allianz.com/en/about-us/company/contact/united-kingdom.html,United Kingdom | Allianz,
Allianz Corporate,United Kingdom,Allianz Technology,contact,Surrey,"Guildford, Building 3, Guildford Business Park, Guildford, Surrey, GU2 8XG, United Kingdom",,,,,https://www.allianz.com/en/about-us/company/contact/united-kingdom.html,United Kingdom | Allianz,
Allianz Corporate,United Kingdom,Bishopsgate,contact,AZ Tech UK LV,"AZ Tech UK LV, 15 Bishopsgate, London EC2N 3AR, United Kingdom",,,,,https://www.allianz.com/en/about-us/company/contact/united-kingdom.html,United Kingdom | Allianz,
Allianz Corporate,United Kingdom,Stour House,contact,Deansleigh Rd,"AZ Tech UK LV, Stour House, Deansleigh Rd, Bournemouth BH7 7DU, United Kingdom",,,,www.tech.allianz.com,https://www.allianz.com/en/about-us/company/contact/united-kingdom.html,United Kingdom | Allianz,
Allianz Corporate,United Kingdom,Allianz Trade in UK,contact,London E14 5DX,"1 Canada Square, London E14 5DX, United Kingdom",,+44 20 7512 9333,,www.allianz-trade.com,https://www.allianz.com/en/about-us/company/contact/united-kingdom.html,United Kingdom | Allianz,
Allianz Corporate,United Kingdom,PIMCO Europe Ltd,contact,London W1U 3AH,"11 Baker Street, London W1U 3AH, United Kingdom",,+44 20 3640 1000 | +44 20 7973 0023,,www.pimco.com,https://www.allianz.com/en/about-us/company/contact/united-kingdom.html,United Kingdom | Allianz,
Allianz Corporate,Argentina,Allianz Argentina Compañía de Seguros S.A.,office,Corrientes 299 - C1043AAC,"Corrientes 299 - C1043AAC, Argentina",,+54 11 4320 3800 01 | +54 11 4320 3800 02,,www.allianz.com.ar,https://www.allianz.com/en/about-us/company/contact/argentina.html,Argentina | Allianz,
Allianz Corporate,Argentina,Allianz Commercial,contact,Avenida Corrientes 299 - C1043,Avenida Corrientes 299 - C1043,,,,,https://www.allianz.com/en/about-us/company/contact/argentina.html,Argentina | Allianz,
Allianz Corporate,Argentina,CABA Buenos Aires,contact,Allianz Global Benefits,"Argentina, Allianz Global Benefits, Corrientes 299 - C1043AAC",,,,www.commercial.allianz.com,https://www.allianz.com/en/about-us/company/contact/argentina.html,Argentina | Allianz,
Allianz Corporate,Argentina,Buenos Aires,contact,Solunion,"Argentina, Solunion, Corrientes 299 - C1043AAC CBA",,+54 11 43203826,,www.allianzglobalbenefits.com,https://www.allianz.com/en/about-us/company/contact/argentina.html,Argentina | Allianz,
Allianz Corporate,Argentina,Buenos Aires,contact,,Argentina,,+54 11 4320 9048,,www.solunion.com.ar,https://www.allianz.com/en/about-us/company/contact/argentina.html,Argentina | Allianz,
Allianz Corporate,Bermuda,Allianz Commercial [Allianz Risk Transfer (Bermuda Branch)],office,Overbay,"Overbay, 106 Pitts Bay Road, Bermuda, HM 08, Bermuda",,,,www.commercial.allianz.com,https://www.allianz.com/en/about-us/company/contact/bermuda.html,Bermuda | Allianz,
Allianz Corporate,Brazil,Allianz Seguros S.A.,office,CEP 05425-000,"Rua Eugénio de Medeiros 303, CEP 05425-000, Brazil",05425,+55 11 31564340 | +55 11 31716171,,www.allianz.com.br,https://www.allianz.com/en/about-us/company/contact/brazil.html,Brazil | Allianz,
Allianz Corporate,Brazil,Allianz Commercial,contact,São Paulo,"Rua Eugênio de Medeiros 303, 1st floor – Pinheiros, São Paulo, 05425-000, Brazil",05425,,,www.commercial.allianz.com,https://www.allianz.com/en/about-us/company/contact/brazil.html,Brazil | Allianz,
Allianz Corporate,Brazil,Allianz Partners,contact,R. José Versolato,"R. José Versolato, 101, Torre A – 9º andar - Centro",,,,,https://www.allianz.com/en/about-us/company/contact/brazil.html,Brazil | Allianz,
Allianz Corporate,Brazil,São Bernardo do Campo-SP,contact,Allianz Saúde S.A.,"Brazil, Allianz Saúde S.A., Rua Eugénio de Medeiros 303, CEP 05425-000",05425,09750-730 | +55 0800 770 8020,,www.allianz-partners.com/pt_BR,https://www.allianz.com/en/about-us/company/contact/brazil.html,Brazil | Allianz,
Allianz Corporate,Brazil,São Paulo - SP,contact,Rua Eugenio de Medeiros,"Brazil, Allianz Trade in Brazil, Rua Eugenio de Medeiros,, 303-4° Andar-Pinheiros, Sao Paulo / SP 05425-000, Brazil",05425,+55 11 40015060 | +55 11 31716171 | +55 11 30652260,,www.allianz.com.br | www.allianz-trade.com,https://www.allianz.com/en/about-us/company/contact/brazil.html,Brazil | Allianz,
Allianz Corporate,Canada,Allianz in Canada,office,PIMCO Canada,"products and services here:, Products & Services, Allianz Global Assistance, 700 Jamieson Parkway, Cambridge, ON, N3C 4N6, Canada, Allianz Global Risks US Insurance Company (Allianz Commercial), 130 Adelaide St., West Suite 2300, Toronto, ON, M5H 3P5, Canada, Allianz Trade in Canada, 1155, René-Lévesque Blvd West, Suite 2810, Montréal (Québec) H3B 2L2, Canada, Our brand name, website domain names and email addresses changed to Allianz Trade effective March 28, 2022, PIMCO Canada, 120 Adelaide Street West, Suite 2005, Toronto M5H 1T1, Canada",2005,+1 844 310 1578 | +1 877 509 3224 | +1 866 3413350 | +1 416 3683576,,www.allianz-assistance.ca | www.commercial.allianz.com | www.allianz-trade.com | www.pimco.com,https://www.allianz.com/en/about-us/company/contact/canada.html,Canada | Allianz,
Allianz Corporate,Colombia,Allianz Colombia S.A,office,Carrera 13a 29-24 Local 102,"Carrera 13a 29-24 Local 102, Colombia",,+57 1 5 600 600 | +57 1 5 616 695,,www.allianz.co,https://www.allianz.com/en/about-us/company/contact/colombia.html,Colombia | Allianz,
Allianz Corporate,Colombia,Allianz Commercial,contact,Carrera 13A #29-24 - piso 17 - ala Sur,Carrera 13A #29-24 - piso 17 - ala Sur,,,,,https://www.allianz.com/en/about-us/company/contact/colombia.html,Colombia | Allianz,
Allianz Corporate,Colombia,Bogotá,contact,Allianz Inversiones S.A.,"Colombia, Allianz Inversiones S.A., Carrera 13a 29-24 Local 102",,,,www.commercial.allianz.com,https://www.allianz.com/en/about-us/company/contact/colombia.html,Colombia | Allianz,
Allianz Corporate,Colombia,Torre Allianz - Bogota D.C.,contact,Allianz Seguros de Vida S.A.,"Colombia, Allianz Seguros de Vida S.A., Carrera 13a 29-24 Local 102",,+57 1 5 600 600 | +57 1 5 616 695,,www.allianz.co,https://www.allianz.com/en/about-us/company/contact/colombia.html,Colombia | Allianz,
Allianz Corporate,Colombia,Torre Allianz - Bogota D.C.,contact,Allianz Seguros S.A.,"Colombia, Allianz Seguros S.A., Carrera 13a 29-24 Local 102",,+57 1 5 600 600 | +57 1 5 616 695,,www.allianz.co,https://www.allianz.com/en/about-us/company/contact/colombia.html,Colombia | Allianz,
Allianz Corporate,Colombia,Torre Allianz - Bogota D.C.,contact,Colserauto,"Colombia, Colserauto, Colombia, Calle 98ª No. 69c - 15",,+57 1 5 600 600 | +57 1 5 616 695,,www.allianz.co,https://www.allianz.com/en/about-us/company/contact/colombia.html,Colombia | Allianz,
Allianz Corporate,Colombia,Bogota D.C.,contact,Fórum II Piso 8- Medellin,"Colombia, Solunion (Joint venture Euler Hermes / MAPFRE), Calle 7 Sur No. 42 – 70 - Bogota D.C., Fórum II Piso 8- Medellin, Colombia",,+57 1 7 452 121 | +57 1 5 616 695 | +57 4 444 01 45 | +57 4 314 19 90,,www.colserauto.com,https://www.allianz.com/en/about-us/company/contact/colombia.html,Colombia | Allianz,
Allianz Corporate,Colombia,Contacto,contact,,,,,,www.solunionseguros.co,https://www.allianz.com/en/about-us/company/contact/colombia.html,Colombia | Allianz,
Allianz Corporate,French Guyana,"Allianz IARD, French Guiana",office,Cayenne,"34 rue Léopold Heder, BP 462, 97300 Cayenne",97300,+335 94302766 | +335 94306909,,www.allianz.fr,https://www.allianz.com/en/about-us/company/contact/french-guyana.html,French Guyana | Allianz,
Allianz Corporate,Guadeloupe,"Allianz IARD, Guadeloupe",office,Pointe a Pitre Cedex,"2 rue Achille-René Boisneuf, BP 178, 97155 Pointe a Pitre Cedex",97155,+33 5 90212960 | +33 5 90902143,,www.allianz.fr,https://www.allianz.com/en/about-us/company/contact/guadeloupe.html,Guadeloupe | Allianz,
Allianz Corporate,Guadeloupe,"Allianz VIE, Guadeloupe",contact,Pointe a Pitre Cedex,"Le Patio de Grand Camp, BP 212, 97156 Pointe a Pitre Cedex",97156,,,,https://www.allianz.com/en/about-us/company/contact/guadeloupe.html,Guadeloupe | Allianz,
Allianz Corporate,Mexico,Allianz México S.A. Compañía de Seguros,office,Blvd. Manuel A. Camacho 164,"Blvd. Manuel A. Camacho 164, Mexico",,+52 55 5540 3000 | +52 55 5540 3204,,www.allianz.com.mx,https://www.allianz.com/en/about-us/company/contact/mexico.html,Mexico | Allianz,
Allianz Corporate,Mexico,Allianz México S.A. Compañía de Seguros,office,Col. Lomas de Barrilaco,"Col. Lomas de Barrilaco, C.P. 11010, Mexico",11010,+52 55 5540 3000 | +52 55 5540 3204,,www.allianz.com.mx,https://www.allianz.com/en/about-us/company/contact/mexico.html,Mexico | Allianz,
Allianz Corporate,Mexico,Allianz Commercial,contact,Perif. Blvd. Manuel Ávila Camacho 164,Perif. Blvd. Manuel Ávila Camacho 164,,,,,https://www.allianz.com/en/about-us/company/contact/mexico.html,Mexico | Allianz,
Allianz Corporate,Mexico,"Lomas de Barrilaco, Miguel Hidalgo",contact,Ciudad de México,"11010 Ciudad de México, CDMX, Mexico",11010,,,www.commercial.allianz.com,https://www.allianz.com/en/about-us/company/contact/mexico.html,Mexico | Allianz,
Allianz Corporate,Mexico,Allianz Partners,contact,S.A. de C.V.,"AWP México, S.A. de C.V., Av. Insurgentes Sur 1602, Piso 3",1602,,,,https://www.allianz.com/en/about-us/company/contact/mexico.html,Mexico | Allianz,
Allianz Corporate,Mexico,"Col. Crédito Constructor, Alc. Benito Juárez",contact,Ciudad De Mexico,"03940 Ciudad De Mexico, Mexico",03940,+52 55 5377 3838,,,https://www.allianz.com/en/about-us/company/contact/mexico.html,Mexico | Allianz,
Allianz Corporate,Mexico,Allianz Partners: www.allianz-partners.com,contact,Torre Polanco,"Travel Insurance: www.allianztravel.com.mx, Solunion, Torre Polanco, Mariano Escobedo 476 Piso 15",,,,,https://www.allianz.com/en/about-us/company/contact/mexico.html,Mexico | Allianz,
Allianz Corporate,Mexico,Col. Nueva Anzures,contact,México D,11590 México D.F.,11590,+52 55 5201 7900,,,https://www.allianz.com/en/about-us/company/contact/mexico.html,Mexico | Allianz,
Allianz Corporate,Australia,Allianz Australia Insurance Limited,office,GPO Box 4049,"GPO Box 4049, Australia",4049,+61 7 3023 9322,,www.allianz.com.au,https://www.allianz.com/en/about-us/company/contact/australia.html,Australia | Allianz,
Allianz Corporate,Australia,Allianz Australia Insurance Limited,office,Sydney,"Sydney, NSW 2001, Australia",2001,+61 7 3023 9322,,www.allianz.com.au,https://www.allianz.com/en/about-us/company/contact/australia.html,Australia | Allianz,
Allianz Corporate,Australia,Allianz Commercial,contact,Sydney office,"Sydney office, 10 Carrington Street, Sydney NSW 2000, Australia",2000,,,www.commercial.allianz.com,https://www.allianz.com/en/about-us/company/contact/australia.html,Australia | Allianz,
Allianz Corporate,Australia,Melbourne,contact,Melbourne,"office, Lvl 5, 360 Elizabeth Street, Melbourne, VIC 3000, Australia",3000,+61 3 9224 3811,,www.allianz.com.au,https://www.allianz.com/en/about-us/company/contact/australia.html,Australia | Allianz,
Allianz Corporate,Australia,Brisbane,contact,Brisbane,"office, Level 6/324 Queens Street, Brisbane, QLD 4000, Australia",4000,+61 7 3023 7197,,www.allianz.com.au,https://www.allianz.com/en/about-us/company/contact/australia.html,Australia | Allianz,
Allianz Corporate,Australia,Allianz Global Investors Asia Pacific Ltd.,contact,Brisbane,"Allianz Partners, Level 16, 310 Ann Street, Brisbane, QLD 4000, Australia",4000,+61 7 3305 7000,,www.au.allianzgi.com | www.allianzpartners.com.au,https://www.allianz.com/en/about-us/company/contact/australia.html,Australia | Allianz,
Allianz Corporate,Australia,Allianz Technology,contact,North Sydney,"Allianz Technology in Australia, Level 9, 101 Miller Street, North Sydney, NSW 2060, Australia",2060,,,www.tech.allianz.com,https://www.allianz.com/en/about-us/company/contact/australia.html,Australia | Allianz,
Allianz Corporate,Australia,Allianz Trade in Australia,contact,Sydney,"Level 16, 10 Carrington street, Sydney, NSW 2000",2000,,,,https://www.allianz.com/en/about-us/company/contact/australia.html,Australia | Allianz,
Allianz Corporate,Australia,Australiaa,contact,Melbourne,"Contact us, Hunter Premium Funding Ltd., Level 14, 380 St Kilda Rd, Melbourne, VIC 3004, Australia",3004,+61 3 8866 3000 | +61 3 8866 3030,,www.allianz-trade.com | www.hpf.com.au,https://www.allianz.com/en/about-us/company/contact/australia.html,Australia | Allianz,
Allianz Corporate,Australia,Nicholas-Applegate Capital Management,contact,Sydney,"Level 29, 2 Chifley Square, Sydney, NSW 2000, Australia",2000,+61 2 9375 2450,,www.nacm.com,https://www.allianz.com/en/about-us/company/contact/australia.html,Australia | Allianz,
Allianz Corporate,Australia,Nicholas-Applegate Capital Management,contact,Melbourne,"Level 27, 101 Collins St, Melbourne, VIC 3000, Australia",3000,+61 3 9653 9219,,www.nacm.com,https://www.allianz.com/en/about-us/company/contact/australia.html,Australia | Allianz,
Allianz Corporate,Australia,PIMCO Australia Pty Ltd.,contact,Sydney,"Level 19, 363 George Street, Sydney, NSW 2000, Australia",2000,+61 2 9279 1771 | +61 2 9279 2580,,www.pimco.com,https://www.allianz.com/en/about-us/company/contact/australia.html,Australia | Allianz,
Allianz Corporate,Australia,RCM Capital Management Pty Ltd,contact,Sydney,"Level 57, 19-29 Martin Place, Sydney, NSW 2000, Australia",2000,+61 2 9238 2070,,www.rcm.com,https://www.allianz.com/en/about-us/company/contact/australia.html,Australia | Allianz,
Allianz Corporate,Brunei,National Insurance Company Berhad (AGCS Brunei),office,Regent Square,"Unit 12 & 13, Block A, Regent Square, Simpang 150, Kampong Kiarong BE1318, P.O. Box 1251, Bandar Seri Begawan BS8672",1251,+673 242-6888 | +673 222-6222 | +673 223-3999 | +673 242-9888,,www.national.com.bn,https://www.allianz.com/en/about-us/company/contact/brunei.html,Brunei | Allianz,
Allianz Corporate,China,"Allianz China Life Insurance Co., Ltd.",office,Lujiazui Ring Road,"19F & 20F,, No.1366, Lujiazui Ring Road,, China",1366,+86 21 6165 3688 | +86 21 6165 3699,,www.allianz.com.cn,https://www.allianz.com/en/about-us/company/contact/china.html,China | Allianz,
Allianz Corporate,China,"Allianz China Life Insurance Co., Ltd.",office,Pudong New Area,"Pudong New Area,, Shanghai 200120, China",200120,+86 21 6165 3688 | +86 21 6165 3699,,www.allianz.com.cn,https://www.allianz.com/en/about-us/company/contact/china.html,China | Allianz,
Allianz Corporate,China,Allianz Global Investors Asset Management (Shanghai) Limited,contact,Munich,"Koeniginstrasse 28, 80802 Munich, Germany",80802,+49 89 3800 3900,,www.adeus.de,https://www.allianz.com/en/about-us/company/contact/china.html,China | Allianz,
Allianz Corporate,China,Allianz Jingdong General Insurance Company Ltd,contact,Baodi Plaza,"19/F, Baodi Plaza, 83 Pazhou Avenue",,,,,https://www.allianz.com/en/about-us/company/contact/china.html,China | Allianz,
Allianz Corporate,China,"Haizhu District, Guangzhou",contact,LG Twin Towers,"Guangdong Province, China, AllianzJD’s Global Corporate & Specialty Unit (Allianz Commercial), Beijing office, Room 1109B, West Building, LG Twin Towers, No. 12Yi,",,+86 20 8396 6788 | +86 20 3891 1890,,www.jdallianz.com,https://www.allianz.com/en/about-us/company/contact/china.html,China | Allianz,
Allianz Corporate,China,"Jianguomenwai Avenue, Chaoyang District",contact,Haizhu District,"Beijing, China, Guangzhou office, Room 19/F Baodi Plaza, 83 Pazhou Avenue, Haizhu District",,,,,https://www.allianz.com/en/about-us/company/contact/china.html,China | Allianz,
Allianz Corporate,China,"Guangzhou, Guangdong Province",contact,Shanghai office,"China, Shanghai office, 14/F Shanghai Tower Center, 501",,,,,https://www.allianz.com/en/about-us/company/contact/china.html,China | Allianz,
Allianz Corporate,China,Middle Yincheng Rd.,contact,Huitong Times Square,"Pudong New District, Shanghai, China, Allianz Partners, Beijing Head Office, Block A, Building 7, Huitong Times Square, No. 1 Yaojiayuan Road",,,,,https://www.allianz.com/en/about-us/company/contact/china.html,China | Allianz,
Allianz Corporate,China,Chaoyang District,contact,Beijing 100123,"Beijing 100123, China",100123,+86 10 8535 5588,,www.allianz-partners.com,https://www.allianz.com/en/about-us/company/contact/china.html,China | Allianz,
Allianz Corporate,China,Allianz Trade in China,contact,88 Century Avenue,"05-07, 08A 19F Jin Mao Tower, 88 Century Avenue,",,,,,https://www.allianz.com/en/about-us/company/contact/china.html,China | Allianz,
Allianz Corporate,China,"Pudong New Area,",contact,Shanghai,"Shanghai, 200120",200120,+86 21 6030 5900 | +86 21 6045 7108,,www.allianz-trade.com,https://www.allianz.com/en/about-us/company/contact/china.html,China | Allianz,
Allianz Corporate,China,Shanghai Branch Global Automotive,contact,Shanghai Pudong 200120,"Aurora Plaza 25F04 Fucheng Road 99, Shanghai Pudong 200120, China",200120,+86 21 2033 9696,,www.allianz.cn,https://www.allianz.com/en/about-us/company/contact/china.html,China | Allianz,
Allianz Corporate,China,Allianz China General Insurance Company Ltd Shanghai Branch Health Insurance Department,contact,Toll Free: 400 8866014 (Shanghai),"Aurora Plaza 25F04 Fucheng Road 99, Shanghai Pudong 200120, China, Toll Free: 400 8866014 (Shanghai)",200120,+86 21 60424601 | +86 21 60424688,,www.allianz.cn/en/products/healthcare,https://www.allianz.com/en/about-us/company/contact/china.html,China | Allianz,
Allianz Corporate,Hong Kong,"Allianz Global Investors GmbH, Hong Kong Branch",office,Admiralty,"32/F, Two Pacific Place, 88 Queensway, Admiralty, Hong Kong",,+852 2238 8888 | +852 2877 2533,,hk.allianzgi.com,https://www.allianz.com/en/about-us/company/contact/hong-kong.html,Hong Kong | Allianz,
Allianz Corporate,Hong Kong,Allianz Commercial,contact,Cityplaza Phase Four,"Suites 403-11, 4/F, Cityplaza Phase Four, 12 Tai Koo Wan Road",,,,,https://www.allianz.com/en/about-us/company/contact/hong-kong.html,Hong Kong | Allianz,
Allianz Corporate,Hong Kong,"Tai Koo Shing, Hong Kong Island",contact,Cityplaza Phase Four,"Hong Kong, Allianz Partners, Suites 403-11, 4/F, Cityplaza Phase Four, 12 Taikoo Wan Road",,,,www.commercial.allianz.com,https://www.allianz.com/en/about-us/company/contact/hong-kong.html,Hong Kong | Allianz,
Allianz Corporate,Hong Kong,"Taikoo Shing, Island East",contact,Allianz Trade in Hong Kong,"Hong Kong, Allianz Trade in Hong Kong, Suites 403-11, 4/F, 12 Taikoo Wan Road",,+852 2280 4240,,www.allianzpartners.com,https://www.allianz.com/en/about-us/company/contact/hong-kong.html,Hong Kong | Allianz,
Allianz Corporate,Hong Kong,Taikoo Shing,contact,Cityplaza Phase Four,"Hong Kong, PIMCO Asia Ltd., Suites 403-11, 4/F, Cityplaza Phase Four, 12 Taikoo Wan Road",,+852 3665 8901,,www.allianz-trade.com,https://www.allianz.com/en/about-us/company/contact/hong-kong.html,Hong Kong | Allianz,
Allianz Corporate,Hong Kong,"Taikoo Shing, Island East",contact,,Hong Kong,,+852 2867 0061 | +852 2869 8655,,www.pimco.com.hk,https://www.allianz.com/en/about-us/company/contact/hong-kong.html,Hong Kong | Allianz,
Allianz Corporate,India,Allianz Commercial,contact,3-North Avenue,"Office #66, 3-North Avenue",,,,,https://www.allianz.com/en/about-us/company/contact/india.html,India | Allianz,
Allianz Corporate,India,Maker Maxity,contact,Mumbai,"Bandra Kurla Complex, Mumbai, Maharashtra 400051, India",400051,,,www.commercial.allianz.com,https://www.allianz.com/en/about-us/company/contact/india.html,India | Allianz,
Allianz Corporate,India,Allianz Partners,contact,Gurgaon,"Badshahpur, Sector 66, Gurgaon, Haryana 122102, India",122102,+91 124 4343 800 | +91 124 4343 900,,www.allianz-partners.com,https://www.allianz.com/en/about-us/company/contact/india.html,India | Allianz,
Allianz Corporate,India,Allianz Services India,contact,Eon Kharadi Infrastructure Pvt. Ltd,"In Pune, Office 1A, 5th Floor, Tower B, S. No. 72/2/1, Eon Kharadi Infrastructure Pvt. Ltd",,,,,https://www.allianz.com/en/about-us/company/contact/india.html,India | Allianz,
Allianz Corporate,India,EON SEZ Phase II,contact,Eon Kharadi Infrastructure Pvt. Ltd,"Kharadi, Maharashtra, Pune, India, EON Free Zone, Office 1B, 5th Floor, Tower B, S. No. 72/2/1, Eon Kharadi Infrastructure Pvt. Ltd",,,,,https://www.allianz.com/en/about-us/company/contact/india.html,India | Allianz,
Allianz Corporate,India,EON SEZ Phase II,contact,Trivandrum,"Kharadi, Maharashtra, Pune, India, In Trivandrum, Ganga Technopark Campus, Phase III, Trivandrum, Kerala - 695581, India",695581,+91 (0) 471 6613 555 | +91 (0) 471 2700 967,,,https://www.allianz.com/en/about-us/company/contact/india.html,India | Allianz,
Allianz Corporate,India,Allianz Technology in India,contact,Kharadi,"Pune, EON Free Zone, 12th floor, Tower A, Phase 2, Kharadi, Pune - 411014, India",411014,,,www.tech.allianz.com/india,https://www.allianz.com/en/about-us/company/contact/india.html,India | Allianz,
Allianz Corporate,India,Trivandrum,contact,Embassy Taurus Techzone,"Niagara building, 9th Floor, Embassy Taurus Techzone",,,,,https://www.allianz.com/en/about-us/company/contact/india.html,India | Allianz,
Allianz Corporate,India,Electronics Technology Park Phase III,contact,Thiruvananthapuram,"Kazhakuttam, Thiruvananthapuram, Kerala - 695581, India",695581,,,www.tech.allianz.com/india,https://www.allianz.com/en/about-us/company/contact/india.html,India | Allianz,
Allianz Corporate,India,Allianz Trade in India,contact,Vaibhav Chambers,"5th Floor, Vaibhav Chambers",,,,,https://www.allianz.com/en/about-us/company/contact/india.html,India | Allianz,
Allianz Corporate,India,Opposite Income Tax Office,contact,Bandra (East),"Bandra Kurla Complex, Bandra (East), Mumbai 400 051, India",,+91 22 6623 2525,,www.allianz-trade.com,https://www.allianz.com/en/about-us/company/contact/india.html,India | Allianz,
Allianz Corporate,Indonesia,PT Allianz Global Investors Asset Management Indonesia,office,Revenue Tower,"Suite E-H, 11/F, Revenue Tower, Revenue Tower 11th Floor, District 8, SCBD Lot 13, Jl. Jenderal Sudirman Kav. 29-31, Jakarta 12190,, Indonesia",12190,+6221 3952 5050,,www.id.allianzgi.com,https://www.allianz.com/en/about-us/company/contact/indonesia.html,Indonesia | Allianz,
Allianz Corporate,Indonesia,PT Asuransi Allianz Life Indonesia,contact,10,"World Trade Centre 3, 10",,,,,https://www.allianz.com/en/about-us/company/contact/indonesia.html,Indonesia | Allianz,
Allianz Corporate,Indonesia,th,contact,floor,"-15, th, floor, Jl. Jenderal Sudirman Kav. 29-31, Jakarta Selatan 12920,, Indonesia",12920,+6221 2926 8888 | +6221 2926 9090,,www.allianz.com,https://www.allianz.com/en/about-us/company/contact/indonesia.html,Indonesia | Allianz,
Allianz Corporate,Indonesia,PT Asuransi Allianz Utama Indonesia,contact,2,"World Trade Centre 6, 2",,,,,https://www.allianz.com/en/about-us/company/contact/indonesia.html,Indonesia | Allianz,
Allianz Corporate,Indonesia,nd,contact,floor,"floor, Jl. Jenderal Sudirman Kav. 29-31, Jakarta Selatan 12920,, Indonesia",12920,+62 21 29 26 88 88,,www.allianz-trade.com/Indonesia,https://www.allianz.com/en/about-us/company/contact/indonesia.html,Indonesia | Allianz,
Allianz Corporate,Japan,Allianz Life Insurance Japan Ltd.,office,Minato-ku,"6-6, Motoakasaka 1-chome, 18F, Minato-ku, Tokyo 107-0051, Japan",0051,+81 3 4588 1500 | +81 3 4588 1511,,life.allianz.co.jp,https://www.allianz.com/en/about-us/company/contact/japan.html,Japan | Allianz,
Allianz Corporate,Japan,Allianz Commercial,contact,17th Floor,17th Floor,,,,,https://www.allianz.com/en/about-us/company/contact/japan.html,Japan | Allianz,
Allianz Corporate,Japan,Anzen Building,contact,1 Chome-6-6 Motoakasaka,1 Chome-6-6 Motoakasaka,,,,,https://www.allianz.com/en/about-us/company/contact/japan.html,Japan | Allianz,
Allianz Corporate,Japan,Minato City,contact,Tokyo 107-0051,"Tokyo 107-0051, Japan",0051,,,www.commercial.allianz.com,https://www.allianz.com/en/about-us/company/contact/japan.html,Japan | Allianz,
Allianz Corporate,Japan,Allianz Fire and Marine Insurance Japan Ltd.,contact,Anzen Building,"Anzen Building, 6-6, Motoakasaka 1 chome",,,,,https://www.allianz.com/en/about-us/company/contact/japan.html,Japan | Allianz,
Allianz Corporate,Japan,Minato ku,contact,Tokyo,"Tokyo, 107-0051, Japan",0051,+81 3 4588 7500,,www.agcs.allianz.com,https://www.allianz.com/en/about-us/company/contact/japan.html,Japan | Allianz,
Allianz Corporate,Japan,"Allianz Global Investors Japan Co., Ltd.",contact,Minato-ku,"19/F Ark Hills South Tower, 1-4-5 Roppongi, Minato-ku, Tokyo 106-0032, Japan",0032,+81 3 6229 0200 | +81 3 6229 0201,,jp.allianzgi.com,https://www.allianz.com/en/about-us/company/contact/japan.html,Japan | Allianz,
Allianz Corporate,Japan,Allianz Partners,contact,Shinagawa-ku,"AWP Japan K.K., Shinagawa Seaside East Tower 2F, 4-12-8 Higashi-Shinagawa, Shinagawa-ku, Tokyo 140-0002, Japan",0002,+81 3 5783 78 73,,www.allianz-partners.com,https://www.allianz.com/en/about-us/company/contact/japan.html,Japan | Allianz,
Allianz Corporate,Japan,Allianz Trade in Japan,contact,Chiyoda-ku,"10th Fl., New Otani Garden Court,, 4-1 Kioi-cho, Chiyoda-ku,, Tokyo 102-0094,, Japan",0094,+81 3 3238 2560,,www.allianz-trade.com,https://www.allianz.com/en/about-us/company/contact/japan.html,Japan | Allianz,
Allianz Corporate,Japan,PIMCO Japan Ltd.,contact,4-1-28,"Toranomon Towers Office 18F, 4-1-28",,,,,https://www.allianz.com/en/about-us/company/contact/japan.html,Japan | Allianz,
Allianz Corporate,Japan,"Toranomon, Minato-ku",contact,Tokyo 105-0001,"Tokyo 105-0001, Japan",0001,+81 3 5777 8150 | +81 3 5777 8151,,www.pimco.com,https://www.allianz.com/en/about-us/company/contact/japan.html,Japan | Allianz,
Allianz Corporate,Malaysia,Allianz Malaysia,office,Jalan Tun Sambanthan,"Level 29, Menara Allianz Sentral, 203, Jalan Tun Sambanthan, Malaysia",,+60 3 2264 1188 | +60 3 2264 0688 | +60 3 2264 1199,,www.allianz.com.my,https://www.allianz.com/en/about-us/company/contact/malaysia.html,Malaysia | Allianz,
Allianz Corporate,Malaysia,Allianz Malaysia,office,Kuala Lumpur,"Kuala Lumpur Sentral, 50470 Kuala Lumpur, Malaysia",50470,+60 3 2264 1188 | +60 3 2264 0688 | +60 3 2264 1199,,www.allianz.com.my,https://www.allianz.com/en/about-us/company/contact/malaysia.html,Malaysia | Allianz,
Allianz Corporate,Malaysia,Allianz Partners,contact,Kuala Lumpur,"Office Suite 19-17-1, Level 17 UOA Center, No. 19 Talan Pinang, 54050 Kuala Lumpur, Malaysia",54050,+603 2685 6200,,www.mondial-assistance.com.my,https://www.allianz.com/en/about-us/company/contact/malaysia.html,Malaysia | Allianz,
Allianz Corporate,Malaysia,Allianz Trade in Malaysia,contact,Menara Allianz Sentral,"Level 28, Menara Allianz Sentral",,,,,https://www.allianz.com/en/about-us/company/contact/malaysia.html,Malaysia | Allianz,
Allianz Corporate,Malaysia,Jalan Tun Sambanthan,contact,Kuala Lumpur,"50470 Kuala Lumpur, Malaysia",50470,+60122203697,,www.allianz-trade.com,https://www.allianz.com/en/about-us/company/contact/malaysia.html,Malaysia | Allianz,
Allianz Corporate,Malaysia,Customer Service,contact,Plaza Sentral,"Ground Floor, Block 2A, Plaza Sentral, Jalan Stesen Sentral 5",,,,,https://www.allianz.com/en/about-us/company/contact/malaysia.html,Malaysia | Allianz,
Allianz Corporate,Malaysia,Kuala Lumpur Sentral,contact,Kuala Lumpur,"50470 Kuala Lumpur, Malaysia",50470,1300 22 5542,,,https://www.allianz.com/en/about-us/company/contact/malaysia.html,Malaysia | Allianz,
Allianz Corporate,New Zealand,Allianz New Zealand,office,Auckland,"P.O. Box 794, 1010 Auckland",1010,+64 0800 500 115,,www.allianz.co.nz,https://www.allianz.com/en/about-us/company/contact/new-zealand.html,New Zealand | Allianz,
Allianz Corporate,New Zealand,Allianz Partners,contact,1 Byron Avenue,"Level 3, 1 Byron Avenue",,,,,https://www.allianz.com/en/about-us/company/contact/new-zealand.html,New Zealand | Allianz,
Allianz Corporate,New Zealand,Takapuna,contact,Auckland,"Auckland, New Zealand, Allianz Partners: www.allianz-partners.com, Travel Insurance: www.allianztravel.co.nz, Allianz Trade in New Zealand, Level 22, Vero Centre,, 48 Shortland street,, Auckland, 1010,",1010,+64 9 486 6868,,,https://www.allianz.com/en/about-us/company/contact/new-zealand.html,New Zealand | Allianz,
Allianz Corporate,Pakistan,Allianz EFU Health Insurance Limited,office,Clifton,"D-136, Block# 4, KDA Scheme 5, Clifton, Karachi-75600",75600,,,,https://www.allianz.com/en/about-us/company/contact/pakistan.html,Pakistan | Allianz,
Allianz Corporate,Philippines,Allianz PNB Life Insurance Inc.,office,Ayala Avenue corner Legaspi Street,"9th Floor, Allied Bank Center, 6754 Ayala Avenue corner Legaspi Street, Makati City",6754,+63 818-2701,,www.allianzpnblife.ph,https://www.allianz.com/en/about-us/company/contact/philippines.html,Philippines | Allianz,
Allianz Corporate,Philippines,Allianz PNB Life Insurance Inc.,office,MAKATI CENTRAL OFFICE,"MAKATI CENTRAL OFFICE, P.O. BOX 3191",3191,+63 818-2701,,www.allianzpnblife.ph,https://www.allianz.com/en/about-us/company/contact/philippines.html,Philippines | Allianz,
Allianz Corporate,Philippines,Allianz PNB Life Insurance Inc.,office,The Philippines,"The Philippines, Trunkline +632 8818-LIFE (5433)",5433,+63 818-2701,,www.allianzpnblife.ph,https://www.allianz.com/en/about-us/company/contact/philippines.html,Philippines | Allianz,
Allianz Corporate,Philippines,Allianz PNB Life Insurance Inc.,office,Domestic Toll Free Number 1 +63 1-800-10-818-5433,Domestic Toll Free Number 1 +63 1-800-10-818-5433,5433,+63 818-2701,,www.allianzpnblife.ph,https://www.allianz.com/en/about-us/company/contact/philippines.html,Philippines | Allianz,
Allianz Corporate,Philippines,Allianz PNB Life Insurance Inc.,office,Domestic Toll Free Number 2 +63-8818-2701,Domestic Toll Free Number 2 +63-8818-2701,2701,+63 818-2701,,www.allianzpnblife.ph,https://www.allianz.com/en/about-us/company/contact/philippines.html,Philippines | Allianz,
Allianz Corporate,Singapore,Allianz SE Singapore Branch,office,#09-01,"79 Robinson Road, #09-01, Singapore",,+65 6 297 8802,,www.allianz-asiapacific.com,https://www.allianz.com/en/about-us/company/contact/singapore.html,Singapore | Allianz,
Allianz Corporate,Singapore,Allianz Capital Partners GmbH (Singapore Branch),contact,Singapore 018961,"12 Marina View, #14-01 Asia Square Tower 2, Singapore 018961",018961,,,www.allianz.com,https://www.allianz.com/en/about-us/company/contact/singapore.html,Singapore | Allianz,
Allianz Corporate,Singapore,Allianz Commercial,contact,Singapore 068897,"79 Robinson Road #09-01, Singapore 068897",068897,,,www.commercial.allianz.com,https://www.allianz.com/en/about-us/company/contact/singapore.html,Singapore | Allianz,
Allianz Corporate,Singapore,Allianz Global Automotive,contact,Singapore 018961,"12 Marina View, #14-01 Asia Square Tower 2, Singapore 018961",018961,+65 6 297 8801,,www.allianzre.com,https://www.allianz.com/en/about-us/company/contact/singapore.html,Singapore | Allianz,
Allianz Corporate,Singapore,Allianz Global Investors Singapore Ltd.,contact,1800 438 0828 (Toll free),"79 Robinson Road, #09-03,, Singapore 068897,, Reg.No. 199907169Z, Singapore, 1800 438 0828 (Toll free)",0828,,,sg.allianzgi.com,https://www.allianz.com/en/about-us/company/contact/singapore.html,Singapore | Allianz,
Allianz Corporate,Singapore,Allianz Investment Management Singapore Pte Ltd,contact,Singapore 018961,"12 Marina View, #13-03 Asia Square Tower 2, Singapore 018961",018961,,,www.allianz.com,https://www.allianz.com/en/about-us/company/contact/singapore.html,Singapore | Allianz,
Allianz Corporate,Singapore,Allianz Partners,contact,Singapore 018961,"12 Marina View, #13-04 Asia Square Tower 2, Singapore 018961",018961,+65 6327 2215,,www.allianz-assistance.com.sg,https://www.allianz.com/en/about-us/company/contact/singapore.html,Singapore | Allianz,
Allianz Corporate,Singapore,Allianz Real Estate GmbH,contact,Singapore 018961,"12 Marina View, #14-01 Asia Square Tower 2, Singapore 018961",018961,,,www.allianz.com,https://www.allianz.com/en/about-us/company/contact/singapore.html,Singapore | Allianz,
Allianz Corporate,Singapore,Allianz SE Reinsurance Branch Asia Pacific,contact,Singapore 068897,"No. 79 Robinson Road, #09-01 CapitaSky, Singapore 068897",068897,+65 6 297 8801,,www.allianzre.com,https://www.allianz.com/en/about-us/company/contact/singapore.html,Singapore | Allianz,
Allianz Corporate,Singapore,Allianz Services Singapore,contact,#09-01,"79 Robinson Road, #09-01, Singapore",,,,,https://www.allianz.com/en/about-us/company/contact/singapore.html,Singapore | Allianz,
Allianz Corporate,Singapore,Allianz Technology,contact,Singapore 018961,"12 Marina View #14-01, Asia Square Tower 2, Singapore 018961",018961,,,www.tech.allianz.com,https://www.allianz.com/en/about-us/company/contact/singapore.html,Singapore | Allianz,
Allianz Corporate,Singapore,Allianz Trade in Singapore,contact,Singapore 068897,"79 Robinson Road #09-01, Singapore 068897",068897,+65 6 589 3700,,www.allianz-trade.com,https://www.allianz.com/en/about-us/company/contact/singapore.html,Singapore | Allianz,
Allianz Corporate,South Korea,Allianz Commercial,office,Seoul,"Level 22, Seoul Finance Center, 136 Sejong-daero, Jung-gu, Seoul, 04520",04520,,,,https://www.allianz.com/en/about-us/company/contact/south-korea.html,South Korea | Allianz,
Allianz Corporate,South Korea,Republic of Korea,office,Seoul,"Allianz Trade in South Korea, Level 22, Seoul Finance Center, 136 Sejong-daero, Jung-gu, Seoul, 04520",04520,,,www.commercial.allianz.com,https://www.allianz.com/en/about-us/company/contact/south-korea.html,South Korea | Allianz,
Allianz Corporate,Sri Lanka,Allianz Insurance Lanka Limited,office,Galle Face,"Levels 25-27, One Galle Face Tower, No 1A,, Centre Road, Galle Face, Colombo 02, Sri Lanka",,+94 112 303 300 | +94 112 309 999,,www.allianz.lk,https://www.allianz.com/en/about-us/company/contact/sri-lanka.html,Sri Lanka | Allianz,
Allianz Corporate,Sri Lanka,Allianz Insurance Lanka Limited,contact,Galle Face,"Levels 25 – 27, One Galle Face Tower, No 1A,, Centre Road, Galle Face, Colombo 02, Sri Lanka",,+94 112 303 300 | +94 112 309 999,,www.allianz.lk,https://www.allianz.com/en/about-us/company/contact/sri-lanka.html,Sri Lanka | Allianz,
Allianz Corporate,Sri Lanka,Allianz Life Insurance Lanka Limited,contact,Galle Face,"Levels 25-27, One Galle Face Tower, No 1A,, Centre Road, Galle Face, Colombo 02, Sri Lanka",,+94 112 300 400 | +94 112 303 116,,www.allianz.lk,https://www.allianz.com/en/about-us/company/contact/sri-lanka.html,Sri Lanka | Allianz,
Allianz Corporate,Taiwan,Allianz Global Investors Taiwan Ltd,office,Sec. 2,"8F, No. 42, Sec. 2,",,+886 2 8770 9888,,tw.allianzgi.com,https://www.allianz.com/en/about-us/company/contact/taiwan.html,Taiwan | Allianz,
Allianz Corporate,Taiwan,Allianz Global Investors Taiwan Ltd,office,Zhongshan N. Rd.,"Zhongshan N. Rd.,, Taipei 104016",104016,+886 2 8770 9888,,tw.allianzgi.com,https://www.allianz.com/en/about-us/company/contact/taiwan.html,Taiwan | Allianz,
Allianz Corporate,Taiwan,Allianz Global Investors Taiwan Ltd,contact,Taipei,"Taipei, 8F, No. 42, Sec. 2,",,,,,https://www.allianz.com/en/about-us/company/contact/taiwan.html,Taiwan | Allianz,
Allianz Corporate,Taiwan,"Zhongshan N. Rd.,",contact,Taipei 104016,Taipei 104016,104016,,,,https://www.allianz.com/en/about-us/company/contact/taiwan.html,Taiwan | Allianz,
Allianz Corporate,Taiwan,"Gongyi Rd., Nantun Dist.",contact,Taichung 408,Taichung 408,,,,,https://www.allianz.com/en/about-us/company/contact/taiwan.html,Taiwan | Allianz,
Allianz Corporate,Taiwan,rd,contact,R.,"R.,, Kaohsiung 80250,",80250,,,,https://www.allianz.com/en/about-us/company/contact/taiwan.html,Taiwan | Allianz,
Allianz Corporate,Taiwan,Xin-Yi Road,contact,Flat A,"Taipei, Taiwan, Allianz Trade in Taiwan, Flat A, 8/F, No. 39, Section 2 Dunhua South Road",,+886 2 8789 5858 | +886 2 8789 5008,,www.allianz.com.tw,https://www.allianz.com/en/about-us/company/contact/taiwan.html,Taiwan | Allianz,
Allianz Corporate,Taiwan,Daan District,contact,Taipei City 10681,Taipei City 10681,10681,,,,https://www.allianz.com/en/about-us/company/contact/taiwan.html,Taiwan | Allianz,
Allianz Corporate,Thailand,Allianz Ayudhya Assurance Pcl.,office,Ploenchit Tower,"1st Floor, Ploenchit Tower, 898 Ploenchit Road, Bangkok 10330, Thailand",10330,+66 2 305 7000,,www.allianz.co.th,https://www.allianz.com/en/about-us/company/contact/thailand.html,Thailand | Allianz,
Allianz Corporate,Thailand,Allianz Ayudhya General Insurance Pcl.,contact,Ploenchit Tower,"1st Floor, Ploenchit Tower, 898 Ploenchit Road, Bangkok 10330, Thailand",10330,+66 2 657 2555 | +66 2 657 2500,,www.allianz.co.th,https://www.allianz.com/en/about-us/company/contact/thailand.html,Thailand | Allianz,
Allianz Corporate,Thailand,Allianz Partners,contact,City Link Tower,"7th Floor, City Link Tower, 1091/335 Soi Petchburi 35",1091,,,,https://www.allianz.com/en/about-us/company/contact/thailand.html,Thailand | Allianz,
Allianz Corporate,Thailand,New Petchburi Road,contact,Rajathevi,"Makkasan, Rajathevi, Bangkok 10400, Thailand",10400,+66 2305 8555 | +66 2305 8556,,www.allianz-assistance.co.th,https://www.allianz.com/en/about-us/company/contact/thailand.html,Thailand | Allianz,
Allianz Corporate,Thailand,Allianz Technology,contact,Din Daeng,"G Tower, 1 Ratchadaphisek Road, Din Daeng, Bangkok 10400, Thailand",10400,,,www.tech.allianz.com,https://www.allianz.com/en/about-us/company/contact/thailand.html,Thailand | Allianz,
Allianz Corporate,Bahrain,Allianz Global Investors,office,Alraya Building,"Alraya Building, 3rd Floor, Building 1025, Road 3621, Block 436",3621,+973 17 568201,,www.allianzgi.com,https://www.allianz.com/en/about-us/company/contact/bahrain.html,Bahrain | Allianz,
Allianz Corporate,Bahrain,Allianz Trade,contact,Al Warba Center,"c/o Alliance Insurance PSC, 501, Al Warba Center, P.O. Box 183957",183957,,,,https://www.allianz.com/en/about-us/company/contact/bahrain.html,Bahrain | Allianz,
Allianz Corporate,Bahrain,Dubai,contact,Capital Plus Tower,"United Arab Emirates, NEXtCARE Holding WLL, Capital Plus Tower, 13th Floor, Office 131 & 132, Building 79, Road 2802, Block 428",2802,+971 4 266 0019,,www.allianz-trade.com,https://www.allianz.com/en/about-us/company/contact/bahrain.html,Bahrain | Allianz,
Allianz Corporate,Bahrain,Seef District,contact,Bahrain,"Manama, Bahrain",,,,www.nextcarehealth.com,https://www.allianz.com/en/about-us/company/contact/bahrain.html,Bahrain | Allianz,
Allianz Corporate,Cameroon,Allianz Cameroun Assurances,office,Douala,"Rue Manga Bell,, BP 105, Douala",,,,,https://www.allianz.com/en/about-us/company/contact/cameroon.html,Cameroon | Allianz,
Allianz Corporate,Egypt,Allianz Egypt,office,Business Park A,"Business Park A, Building A1 - Cairo Festival City",,+202 23223000 | +202 23223001,,www.allianz.com.eg,https://www.allianz.com/en/about-us/company/contact/egypt.html,Egypt | Allianz,
Allianz Corporate,Egypt,NEXtCARE Egypt,contact,Plot No. 14B01,"Building A1, Plot No. 14B01",,,,,https://www.allianz.com/en/about-us/company/contact/egypt.html,Egypt | Allianz,
Allianz Corporate,Egypt,Cairo Festival City,contact,Egypt,"New Cairo, Egypt",,+202 24632300 | +202 24632304,,www.nextcarehealth.com,https://www.allianz.com/en/about-us/company/contact/egypt.html,Egypt | Allianz,
Allianz Corporate,Ghana,Allianz Insurance Company Ghana Ltd.,office,Lexta Square,"Lexta Square, No. 79 Achimota Road,",,233) 302764893 | 233) 302 765140,,https://gh.sanlamallianz.com,https://www.allianz.com/en/about-us/company/contact/ghana.html,Ghana | Allianz,
Allianz Corporate,Ivory Coast,Allianz Côte d'Ivoire Assurances,office,BP 1741,"2 bld Roume, BP 1741",1741,,,,https://www.allianz.com/en/about-us/company/contact/ivory-coast.html,Ivory Coast | Allianz,
Allianz Corporate,Ivory Coast,Abidjan,office,Allianz Côte d'Ivoire Assurances Vie,"Ivory Coast, Allianz Côte d'Ivoire Assurances Vie, 2 bld Roume, BP 1741",1741,+225 2030 4000 | +225 2030 4001,,https://ci.sanlamallianz.com,https://www.allianz.com/en/about-us/company/contact/ivory-coast.html,Ivory Coast | Allianz,
Allianz Corporate,Kuwait,Allianz Trade in Kuwait,office,Al Warba Center,"501, Al Warba Center, P.O. Box 183957",183957,,,,https://www.allianz.com/en/about-us/company/contact/kuwait.html,Kuwait | Allianz,
Allianz Corporate,Kuwait,Dubai,office,NEXtCARE,"United Arab Emiratess, NEXtCARE, Al Dawliya Building - Tower 1 - 5th floor, Kw City 32032",32032,+971 4 211 6000 | +971 4 211 6060,,www.allianz-trade.com,https://www.allianz.com/en/about-us/company/contact/kuwait.html,Kuwait | Allianz,
Allianz Corporate,Madagascar,Allianz Madagascar Assurances,office,Antananarivo 101,"13 rue Indira Gandhi, BP 8619, Antananarivo 101",8619,+261 20 2257 900 | +261 20 2257 901,,www.allianz.mg,https://www.allianz.com/en/about-us/company/contact/madagascar.html,Madagascar | Allianz,
Allianz Corporate,Morocco,Allianz Maroc,office,Bd Mohamed Zerktouni,"166-168, Bd Mohamed Zerktouni, Casablanca 20060",20060,+212 5 22 49 9700 | +212 5 22 22 5521,,www.allianz.ma,https://www.allianz.com/en/about-us/company/contact/morocco.html,Morocco | Allianz,
Allianz Corporate,Morocco,Allianz Services Morocco,contact,Bd Mohamed Zerktouni 167,Bd Mohamed Zerktouni 167,,,,,https://www.allianz.com/en/about-us/company/contact/morocco.html,Morocco | Allianz,
Allianz Corporate,Morocco,Casablanca,contact,Bd Abdellatif Ben Kaddour,"Morocco, Allianz Trade in Morocco, 37, Bd Abdellatif Ben Kaddour, Casablanca 20050",20050,+212 (0) 5 20 500 500,,,https://www.allianz.com/en/about-us/company/contact/morocco.html,Morocco | Allianz,
Allianz Corporate,Nigeria,Allianz Nigeria Insurance plc,office,Adeola Odeku,"307, Adeola Odeku,",,0 800 255 42 69,,https://sanlamallianz.com.ng,https://www.allianz.com/en/about-us/company/contact/nigeria.html,Nigeria | Allianz,
Allianz Corporate,Oman,Allianz Trade in Oman,office,Al Warba Center,"501, Al Warba Center, P.O. Box 183957",183957,,,,https://www.allianz.com/en/about-us/company/contact/oman.html,Oman | Allianz,
Allianz Corporate,Oman,Dubai,office,Edara Building,"United Arab Emiratess, Nextcare, 1st Floor # 17, Edara Building",,+971 4 266 0019,,www.allianz-trade.com,https://www.allianz.com/en/about-us/company/contact/oman.html,Oman | Allianz,
Allianz Corporate,Qatar,Allianz Partners - International Health,office,6th Floor,"Office 604C, 6th Floor",,+974 4031 8400,,www.allianzcare.com,https://www.allianz.com/en/about-us/company/contact/qatar.html,Qatar | Allianz,
Allianz Corporate,Qatar,Allianz Partners - International Health,office,Umm Ghuwailina,"Jaidah Square Building, Umm Ghuwailina, 63 Airport Road Zone 27",,+974 4031 8400,,www.allianzcare.com,https://www.allianz.com/en/about-us/company/contact/qatar.html,Qatar | Allianz,
Allianz Corporate,Qatar,Allianz Trade in Qatar,contact,Al Warba Center,"501, Al Warba Center, P.O. Box 183957",183957,,,,https://www.allianz.com/en/about-us/company/contact/qatar.html,Qatar | Allianz,
Allianz Corporate,Qatar,Dubai,contact,,United Arab Emirates,,+971 4 266 0019,,www.allianz-trade.com,https://www.allianz.com/en/about-us/company/contact/qatar.html,Qatar | Allianz,
Allianz Corporate,Saudi Arabia,Allianz Trade in Saudi Arabia,office,Khorais Rd,"Allianz Branch - Ibrahim Aljafali Rd, Al andalouse, P.O. Box 122901, Jeddah 21332, 2nd floor, Alliance building, Khorais Rd, Malaz P.O Box 3540, Riyadh 11481, +966 11 473 6917 (Riyadh), +966 2 283 0229 (Jeddah)",0229,,,www.allianz-trade.com,https://www.allianz.com/en/about-us/company/contact/saudi-arabia.html,Saudi Arabia | Allianz,
Allianz Corporate,Saudi Arabia,Nextcare,office,Al Rabia & Nassar Building,"Al Rabia & Nassar Building, 102 King Abdallah Road, Al Khobar 31952",31952,,,,https://www.allianz.com/en/about-us/company/contact/saudi-arabia.html,Saudi Arabia | Allianz,
Allianz Corporate,Senegal,Allianz Sénégal Assurances,office,Avenue Abdoulaye Fadiga X rue de Thann,"Avenue Abdoulaye Fadiga X rue de Thann, BP 2610",2610,,,,https://www.allianz.com/en/about-us/company/contact/senegal.html,Senegal | Allianz,
Allianz Corporate,Senegal,Dakar,office,Avenue Abdoulaye Fadiga X rue de Thann,"Senegal, Allianz Sénégal Assurances Vie, Avenue Abdoulaye Fadiga X rue de Thann, BP 2610",2610,+221 33 8494 400,,https://sn.sanlamallianz.com,https://www.allianz.com/en/about-us/company/contact/senegal.html,Senegal | Allianz,
Allianz Corporate,Senegal,Dakar,office,,Senegal,,+221 33 8494 400,,https://sn.sanlamallianz.com,https://www.allianz.com/en/about-us/company/contact/senegal.html,Senegal | Allianz,
Allianz Corporate,South Africa,Allianz Commercial in South Africa,office,Rosebank,"The Firs, 2nd Floor, 32A Cradock Avenue, 2196 Rosebank, South Africa",2196,,,www.commercial.allianz.com,https://www.allianz.com/en/about-us/company/contact/south-africa.html,South Africa | Allianz,
Allianz Corporate,South Africa,Allianz Trade in South Africa,office,Rosebank,"The Firs, 32A Cradock Avenue, 2196 Rosebank, South Africa",2196,+27 10 593 4803,,www.allianz-trade.com,https://www.allianz.com/en/about-us/company/contact/south-africa.html,South Africa | Allianz,
Allianz Corporate,South Africa,Allianz Global Corporate & Specialty South Africa C/O Allianz Travel,office,1st floor,"Eiffel Boulevard Limited Building (Eiffel 2), 1st floor,",,,,,https://www.allianz.com/en/about-us/company/contact/south-africa.html,South Africa | Allianz,
Allianz Corporate,South Africa,"Umm Al Sheif, Sheikh Zayed Road,",office,UAE.,"P.O.Box 80864, Dubai, UAE.",80864,+27 87 195 0581 | +971 56 2164563,,,https://www.allianz.com/en/about-us/company/contact/south-africa.html,South Africa | Allianz,
Allianz Corporate,United Arab Emirates,Allianz Trade in UAE,office,Al Warba Center,"c/o Alliance Insurance PSC, 501, Al Warba Center, P.O. Box 183957",183957,,,,https://www.allianz.com/en/about-us/company/contact/united-arab-emirates.html,United Arab Emirates | Allianz,
Allianz Corporate,United Arab Emirates,Dubai,office,Dubai,"United Arab Emirates, Nextcare, Dubai, Eiffel 2 Building, 1st Floor",,+971 4 266 0019,,www.allianz-trade.com,https://www.allianz.com/en/about-us/company/contact/united-arab-emirates.html,United Arab Emirates | Allianz,
Allianz Corporate,United Arab Emirates,"Umm Al Sheif, Sheikh Zayed Road",office,PO BOX 80864,PO BOX 80864,80864,,,,https://www.allianz.com/en/about-us/company/contact/united-arab-emirates.html,United Arab Emirates | Allianz,
Allianz Corporate,United Arab Emirates,Dubai,office,Mezzanine floor Sakeena Nest,"United Arab Emirates, Abu Dhabi, Office M3 , Mezzanine floor Sakeena Nest",,,,,https://www.allianz.com/en/about-us/company/contact/united-arab-emirates.html,United Arab Emirates | Allianz,
Allianz Corporate,United Arab Emirates,"Building, Al Nahyan Area",office,Abu Dhabi,"Abu Dhabi, United Arab Emirates",,+971 4 2708000,,www.nextcarehealth.com,https://www.allianz.com/en/about-us/company/contact/united-arab-emirates.html,United Arab Emirates | Allianz,
