business_unit,country,office_name,office_type,city,address,postcode,phone,email,website,source_url,source_page,notes
Allianz Corporate,USA,"Allianz Life Insurance, North America",office,Minneapolis,"P.O. Box 1344, Minneapolis, USA",1344,,,,https://www.allianz.com/en/about-us/company/contact/usa.html,USA | Allianz,
Allianz Corporate,USA,Allianz Capital Partners of America LLC,contact,Broadway,"1633 Broadway, New York, NY 10019",10019,,,,https://www.allianz.com/en/about-us/company/contact/usa.html,USA | Allianz,
Allianz Corporate,USA,"New York City, New York",contact,Chicago,"United States, Allianz Technology, Chicago, 125 S Clark Street, Chicago, IL 60603",60603,,,,https://www.allianz.com/en/about-us/company/contact/usa.html,USA | Allianz,
Allianz Corporate,USA,Minneapolis,contact,Minneapolis,"729 N Washington Ave, Suite 600, Minneapolis, MN 55401",55401,,,,https://www.allianz.com/en/about-us/company/contact/usa.html,USA | Allianz,
Allianz Corporate,USA,Bay Area,contact,Mill Valley,"1 Belvedere Drive, Mill Valley, CA 94941",94941,,,,https://www.allianz.com/en/about-us/company/contact/usa.html,USA | Allianz,
Allianz Corporate,USA,Richmond,contact,Mayland Drive,"9950 Mayland Drive, Richmond, VA 23233",23233,,,www.tech.allianz.com,https://www.allianz.com/en/about-us/company/contact/usa.html,USA | Allianz,
Allianz Corporate,USA,Allianz Trade in North America,contact,22nd Floor,"100 International Drive, 22nd Floor",,,,,https://www.allianz.com/en/about-us/company/contact/usa.html,USA | Allianz,
Allianz Corporate,USA,Baltimore,contact,Allianz Trade is the trademark used to designate a range of services provided by Euler Hermes.,"MD 21202, Allianz Trade is the trademark used to designate a range of services provided by Euler Hermes.",21202,+1 877 883 3224,,www.allianz-trade.com,https://www.allianz.com/en/about-us/company/contact/usa.html,USA | Allianz,
Allianz Corporate,USA,PIMCO,contact,Newport Beach,"650 Newport Center Drive, Newport Beach, CA 92660",92660,,,,https://www.allianz.com/en/about-us/company/contact/usa.html,USA | Allianz,
Allianz Corporate,Austria,Allianz Elementar Versicherungs-Aktiengesellschaft and Allianz Elementar Lebensversicherungs-Aktiengesellschaft,office,Wiedner Gürtel 9–13,Wiedner Gürtel 9–13,,,,,https://www.allianz.com/en/about-us/company/contact/austria.html,Austria | Allianz,
Allianz Corporate,Austria,Allianz Elementar Versicherungs-Aktiengesellschaft and Allianz Elementar Lebensversicherungs-Aktiengesellschaft,office,Vienna,"1100 Vienna, Austria, Send email, As a customer please find an overview of products and services here:, Products & Services",1100,,,,https://www.allianz.com/en/about-us/company/contact/austria.html,Austria | Allianz,
Allianz Corporate,Austria,Acredia Versicherung AG,contact,Vienna,"Himmelpfortgasse 29, 1010 Vienna",1010,,,,https://www.allianz.com/en/about-us/company/contact/austria.html,Austria | Allianz,
Allianz Corporate,Belgium,Allianz Benelux SA,office,Koning Albert II Laan 32,Koning Albert II Laan 32,,,,,https://www.allianz.com/en/about-us/company/contact/belgium.html,Belgium | Allianz,
Allianz Corporate,Belgium,Allianz Benelux SA,office,Brussels,"1000 Brussels, Belgium, As a customer please find an overview of products and services here:, Products & Services",1000,,,,https://www.allianz.com/en/about-us/company/contact/belgium.html,Belgium | Allianz,
Allianz Corporate,Belgium,Allianz Commercial,contact,Berchem,"Uitbreidingstraat 86, 2600 Berchem",2600,,,,https://www.allianz.com/en/about-us/company/contact/belgium.html,Belgium | Allianz,
Allianz Corporate,Belgium,Belgien,contact,Brussels,"Send email, Allianz Technology SE, Koning Albert II Laan 32, 1000 Brussels",1000,+32 2 529 7670,,www.allianz-assistance.be,https://www.allianz.com/en/about-us/company/contact/belgium.html,Belgium | Allianz,
Allianz Corporate,Bulgaria,Allianz Bulgaria Holding,office,Str. Srebarna 16,"Str. Srebarna 16, Bulgaria",,,,,https://www.allianz.com/en/about-us/company/contact/bulgaria.html,Bulgaria | Allianz,
Allianz Corporate,Bulgaria,Allianz Bulgaria Holding,office,Sofia,"1407 Sofia, Bulgaria",1407,,,,https://www.allianz.com/en/about-us/company/contact/bulgaria.html,Bulgaria | Allianz,
Allianz Corporate,Bulgaria,Allianz Partners,contact,Vienna,"Branch Austria, Pottendorfer Strasse 23-25, 1120 Vienna",1120,+359 2995 1843,,www.allianz-assistance.bg,https://www.allianz.com/en/about-us/company/contact/bulgaria.html,Bulgaria | Allianz,
Allianz Corporate,Bulgaria,Allianz Trade in Bulgaria,contact,Sofia,"Pl. ""Positano"" 2, Performance Business Center,, fl. 5, Sofia, 1000,",1000,,,,https://www.allianz.com/en/about-us/company/contact/bulgaria.html,Bulgaria | Allianz,
Allianz Corporate,Croatia,Allianz Hrvatska d.d.,office,Heinzelova 70,Heinzelova 70,,,,,https://www.allianz.com/en/about-us/company/contact/croatia.html,Croatia | Allianz,
Allianz Corporate,Croatia,Allianz Hrvatska d.d.,office,Zagreb,"10000 Zagreb, Croatia, Send email",10000,,,,https://www.allianz.com/en/about-us/company/contact/croatia.html,Croatia | Allianz,
Allianz Corporate,Croatia,Allianz ZB d.o.o. (Voluntary and Obligatory Pension Fund Company),contact,Zagreb,"Heinzelova 70, 10000 Zagreb",10000,,,,https://www.allianz.com/en/about-us/company/contact/croatia.html,Croatia | Allianz,
Allianz Corporate,Cyprus,Allianz Hellas S. A. Cyprus Branch office,office,Floor,"The Globe House, Kennedy Avenue 23, 3, rd, Floor",,,,,https://www.allianz.com/en/about-us/company/contact/cyprus.html,Cyprus | Allianz,
Allianz Corporate,Cyprus,Allianz Hellas S. A. Cyprus Branch office,office,Nicosia,"1075 Nicosia, Cyprus",1075,,,,https://www.allianz.com/en/about-us/company/contact/cyprus.html,Cyprus | Allianz,
Allianz Corporate,Cyprus,Allianz Hellas S. A. Cyprus Branch office,office,Send e-mail 1,Send e-mail 1,,,,,https://www.allianz.com/en/about-us/company/contact/cyprus.html,Cyprus | Allianz,
Allianz Corporate,Cyprus,Allianz Hellas S. A. Cyprus Branch office,office,Send e-mail 2,Send e-mail 2,,,,,https://www.allianz.com/en/about-us/company/contact/cyprus.html,Cyprus | Allianz,
Allianz Corporate,Czech Republic,"Allianz pojistovna, a.s.",office,Ke Stvanici 656/3,Ke Stvanici 656/3,,,,,https://www.allianz.com/en/about-us/company/contact/czech-republic.html,Czech Republic | Allianz,
Allianz Corporate,Czech Republic,"Allianz pojistovna, a.s.",office,Send email,"186 00 Praha 8, Czech Republic, Send email",,,,,https://www.allianz.com/en/about-us/company/contact/czech-republic.html,Czech Republic | Allianz,
Allianz Corporate,Czech Republic,Allianz Partners,contact,170 00 Praha 7,170 00 Praha 7,,Jankovcova 1596/14b,,,https://www.allianz.com/en/about-us/company/contact/czech-republic.html,Czech Republic | Allianz,
Allianz Corporate,France,Allianz France,office,1 cours Michelet – CS 30051,1 cours Michelet – CS 30051,30051,,,,https://www.allianz.com/en/about-us/company/contact/france.html,France | Allianz,
Allianz Corporate,France,Allianz France,office,Paris La Défense Cedex,"92076 Paris La Défense Cedex, France, Send email",92076,,,,https://www.allianz.com/en/about-us/company/contact/france.html,France | Allianz,
Allianz Corporate,France,Allianz Africa,contact,Paris La Défense Cedex,"1 cours Michelet – CS 30051, 92076 Paris La Défense Cedex",92076,,,,https://www.allianz.com/en/about-us/company/contact/france.html,France | Allianz,
Allianz Corporate,France,"Allianz Global Investors GmbH, France Branch",contact,Paris Cedex,"3 Boulevard des Italiens, Case Courrier P401, CS 70264, 75118 Paris Cedex",75118,,,,https://www.allianz.com/en/about-us/company/contact/france.html,France | Allianz,
Allianz Corporate,France,"La Défense, Paris",contact,St-Ouen,"France, Allianz Technology, 93400 St-Ouen",93400,"Eurosquare 1 151-161, boulebvard Victor Hugo",,,https://www.allianz.com/en/about-us/company/contact/france.html,France | Allianz,
Allianz Corporate,France,Tour Neptune,contact,Paris,92086 Paris,92086,,,,https://www.allianz.com/en/about-us/company/contact/france.html,France | Allianz,
Allianz Corporate,France,Cours Michelet,contact,Paris La Défense,92176 Paris La Défense,92176,,,,https://www.allianz.com/en/about-us/company/contact/france.html,France | Allianz,
Allianz Corporate,Germany,Allianz Deutschland AG,office,Koeniginstrasse 28,"Koeniginstrasse 28, Germany",,,,,https://www.allianz.com/en/about-us/company/contact/germany.html,Germany | Allianz,
Allianz Corporate,Germany,Allianz Deutschland AG,office,Munich,"80802 Munich, Germany",80802,,,,https://www.allianz.com/en/about-us/company/contact/germany.html,Germany | Allianz,
Allianz Corporate,Germany,ADEUS Aktienregister-Service-GmbH,contact,Munich,"Koeniginstrasse 28, 80802 Munich",80802,,,,https://www.allianz.com/en/about-us/company/contact/germany.html,Germany | Allianz,
Allianz Corporate,Germany,Allianz Technology SE,contact,München,"Koeniginstr. 28, 80802 München",80802,,,,https://www.allianz.com/en/about-us/company/contact/germany.html,Germany | Allianz,
Allianz Corporate,Germany,Send email,contact,Berlin,"Deutsche Lebensversicherungs-AG, Merlitzstr. 8, 12489 Berlin",12489,,,www.azt-automotive.com,https://www.allianz.com/en/about-us/company/contact/germany.html,Germany | Allianz,
Allianz Corporate,Greece,Allianz European Reliance Single Member Insurance S.A.,office,Kifisias Ave.,"274, Kifisias Ave., Greece",,,,,https://www.allianz.com/en/about-us/company/contact/greece.html,Greece | Allianz,
Allianz Corporate,Greece,Allianz European Reliance Single Member Insurance S.A.,office,152 32 Chalandri,"152 32 Chalandri, Greece",,,,,https://www.allianz.com/en/about-us/company/contact/greece.html,Greece | Allianz,
Allianz Corporate,Greece,Allianz Single Member Mutual Fund Management S.A.,contact,Building C,"Athinon Ave. 110, Building C, 104 42 Athens",,,,,https://www.allianz.com/en/about-us/company/contact/greece.html,Greece | Allianz,
Allianz Corporate,Guernsey,Hauteville Insurance Company Ltd.,office,34 Les Canichers,34 Les Canichers,,,,,https://www.allianz.com/en/about-us/company/contact/guernsey.html,Guernsey | Allianz,
Allianz Corporate,Guernsey,Hauteville Insurance Company Ltd.,office,Send email,"St Peter Port, Guernsey GY1 2 LT, Channel Islands, Guernsey, Send email",,,,,https://www.allianz.com/en/about-us/company/contact/guernsey.html,Guernsey | Allianz,
Allianz Corporate,Hungary,Allianz Hungária Zrt.,office,Könyves Kálmán krt. 48-52,Könyves Kálmán krt. 48-52,,,,,https://www.allianz.com/en/about-us/company/contact/hungary.html,Hungary | Allianz,
Allianz Corporate,Hungary,Allianz Hungária Zrt.,office,Budapest,"1087 Budapest, Hungary, Send email",1087,,,,https://www.allianz.com/en/about-us/company/contact/hungary.html,Hungary | Allianz,
Allianz Corporate,Hungary,Allianz Partners,contact,Budaörs,"Szabadság út 117, 2040 Budaörs",2040,,,,https://www.allianz.com/en/about-us/company/contact/hungary.html,Hungary | Allianz,
Allianz Corporate,Hungary,Send email,contact,Back to contacts globally overview,"Allianz Trade is the trademark used to designate a range of services provided by Euler Hermes., Back to contacts globally overview",,,,www.allianz-trade.com,https://www.allianz.com/en/about-us/company/contact/hungary.html,Hungary | Allianz,
Allianz Corporate,Iceland,Allianz Ísland Söluumbod hf,office,Dalshrauni 3,Dalshrauni 3,,,,,https://www.allianz.com/en/about-us/company/contact/iceland.html,Iceland | Allianz,
Allianz Corporate,Iceland,Allianz Ísland Söluumbod hf,office,Iceland,"220 Hafnarfirði, Iceland",,,,,https://www.allianz.com/en/about-us/company/contact/iceland.html,Iceland | Allianz,
Allianz Corporate,Iceland,Allianz Ísland Söluumbod hf,office,Send email,"Opening hours: 9-16 working days, Send email",,,,,https://www.allianz.com/en/about-us/company/contact/iceland.html,Iceland | Allianz,
Allianz Corporate,Iceland,Allianz Partners Nordic and Baltic Region,contact,VM Amsterdam,"Poeldijkstraat 4, 1059 VM Amsterdam",1059,,,,https://www.allianz.com/en/about-us/company/contact/iceland.html,Iceland | Allianz,
Allianz Corporate,Iceland,The Netherlands,contact,Back to contacts globally overview,"Send email, Back to contacts globally overview",,,,www.allianz-partners.com,https://www.allianz.com/en/about-us/company/contact/iceland.html,Iceland | Allianz,
Allianz Corporate,Ireland,Allianz Ireland Plc,office,Send email,"Allianz House, Elmpark, Merrion Road, Dublin 4, Ireland, Send email",,,,,https://www.allianz.com/en/about-us/company/contact/ireland.html,Ireland | Allianz,
Allianz Corporate,Ireland,Allianz Global Corporate & Specialty,contact,Merrion Roard,"Allianz House, Elm Park, Merrion Roard, Dublin 4, D04 Y6Y6 Ireland",,+353 1 613 3000,,,https://www.allianz.com/en/about-us/company/contact/ireland.html,Ireland | Allianz,
Allianz Corporate,Ireland,Send email,contact,Allianz Partners,"Allianz Global Life dac., Maple House, Temple Road,, Blackrock,, Dublin, Ireland, Send email, Allianz Partners, 18b Beckett Way",,+353 1 2422 300 | +353 1 2422 302,,www.agcs.allianz.com | www.allianzgloballife.com,https://www.allianz.com/en/about-us/company/contact/ireland.html,Ireland | Allianz,
Allianz Corporate,Ireland,Park West Business Campus,contact,Nangor Road,"Nangor Road, Dublin 12",,,,,https://www.allianz.com/en/about-us/company/contact/ireland.html,Ireland | Allianz,
Allianz Corporate,Ireland,Park West Business Campus,contact,Nangor Road,"Nangor Road, Dublin 12, Ireland",,+353 1630 1301,,,https://www.allianz.com/en/about-us/company/contact/ireland.html,Ireland | Allianz,
Allianz Corporate,Ireland,Send email,contact,Merrion Road,"Allianz Re Dublin dac, Allianz House, Elmpark, Merrion Road, Dublin 4",,,,www.allianzcare.com,https://www.allianz.com/en/about-us/company/contact/ireland.html,Ireland | Allianz,
Allianz Corporate,Italy,Allianz S.p.A.,registered_office,Milano,"Piazza Tre Torri, 3 – 20145 Milano, Italy",20145,,,,https://www.allianz.com/en/about-us/company/contact/italy.html,Italy | Allianz,
Allianz Corporate,Italy,Allianz Bank Financial Advisors S.p.A.,contact,Milano,"Piazza Tre Torri 3, 20145 Milano",20145,,,,https://www.allianz.com/en/about-us/company/contact/italy.html,Italy | Allianz,
Allianz Corporate,Italy,Milan,contact,Trieste,"Italy, Allianz Technology, Allianz Technology S.p.A. Trieste, Largo Ugo Irneri 1, 34123 Trieste",34123,,,,https://www.allianz.com/en/about-us/company/contact/italy.html,Italy | Allianz,
Allianz Corporate,Liechtenstein,Allianz Commercial (Allianz Risk Transfer AG),office,Im alten Riet 102,"Im alten Riet 102, Liechtenstein",,,,,https://www.allianz.com/en/about-us/company/contact/liechtenstein.html,Liechtenstein | Allianz,
Allianz Corporate,Liechtenstein,Allianz Commercial (Allianz Risk Transfer AG),office,Schaan,"9494 Schaan, Liechtenstein",9494,,,,https://www.allianz.com/en/about-us/company/contact/liechtenstein.html,Liechtenstein | Allianz,
Allianz Corporate,Lithuania,Allianz Lietuva gyvybės draudimas UAB,office,Lvivo g. 25-701,Lvivo g. 25-701,,,,,https://www.allianz.com/en/about-us/company/contact/lithuania.html,Lithuania | Allianz,
Allianz Corporate,Lithuania,Allianz Lietuva gyvybės draudimas UAB,office,Vilnius,"LT-09320 Vilnius, Lithuania, Send email",09320,,,,https://www.allianz.com/en/about-us/company/contact/lithuania.html,Lithuania | Allianz,
Allianz Corporate,Lithuania,Allianz Partners Nordic and Baltic Region,contact,VM Amsterdam,"Poeldijkstraat 4, 1059 VM Amsterdam",1059,,,,https://www.allianz.com/en/about-us/company/contact/lithuania.html,Lithuania | Allianz,
Allianz Corporate,Lithuania,The Netherlands,contact,Back to contacts globally overview,"Send email, Back to contacts globally overview",,,,www.allianz-partners.com,https://www.allianz.com/en/about-us/company/contact/lithuania.html,Lithuania | Allianz,
Allianz Corporate,Luxembourg,Allianz Insurance Luxembourg,office,14 bld F.D. Roosevelt,14 bld F.D. Roosevelt,,,,,https://www.allianz.com/en/about-us/company/contact/luxembourg.html,Luxembourg | Allianz,
Allianz Corporate,Luxembourg,Allianz Insurance Luxembourg,office,Luxemburg,2450 Luxemburg,2450,,,,https://www.allianz.com/en/about-us/company/contact/luxembourg.html,Luxembourg | Allianz,
Allianz Corporate,Luxembourg,"Allianz Global Investors GmbH, Luxembourg Branch",contact,Luxembourg,"6a, route de Trèves, L-2633 Luxembourg",2633,+352 46 346 31 | +352 4634 63620,,www.allianzgi.lu,https://www.allianz.com/en/about-us/company/contact/luxembourg.html,Luxembourg | Allianz,
Allianz Corporate,Luxembourg,Allianz Life Luxembourg S.A,contact,Luxemburg,"14 bld F.D. Roosevelt, 2450 Luxemburg",2450,+352 472 3461 | +352 472 3462 35,,www.allianz.lu,https://www.allianz.com/en/about-us/company/contact/luxembourg.html,Luxembourg | Allianz,
Allianz Corporate,Netherlands,Allianz Nederland Groep NV,office,P.O. Box 761,P.O. Box 761,,,,,https://www.allianz.com/en/about-us/company/contact/netherlands.html,Netherlands | Allianz,
Allianz Corporate,Netherlands,Allianz Nederland Groep NV,office,AT Rotterdam,"3000 AT Rotterdam, The Netherlands",3000,,,,https://www.allianz.com/en/about-us/company/contact/netherlands.html,Netherlands | Allianz,
Allianz Corporate,Netherlands,Allianz Benelux N.V. Netherlands Branch,contact,AT Rotterdam,"P.O. Box 761, 3000 AT Rotterdam",3000,,,,https://www.allianz.com/en/about-us/company/contact/netherlands.html,Netherlands | Allianz,
Allianz Corporate,Netherlands,The Netherlands,contact,AG Rotterdam,"Allianz Commercial, Coolsingel 120, 3011 AG Rotterdam",3011,,,,https://www.allianz.com/en/about-us/company/contact/netherlands.html,Netherlands | Allianz,
Allianz Corporate,Netherlands,The Netherlands,contact,AG Rotterdam,"Allianz Global Investors, Coolsingel 120, 3011 AG Rotterdam",3011,,,www.allianzdirect.nl,https://www.allianz.com/en/about-us/company/contact/netherlands.html,Netherlands | Allianz,
Allianz Corporate,Netherlands,The Netherlands,contact,VM Amsterdam,"Send email, nl.allianzgi.com, Allianz Partners, Poeldijkstraat 4, 1059 VM Amsterdam",1059,,,,https://www.allianz.com/en/about-us/company/contact/netherlands.html,Netherlands | Allianz,
Allianz Corporate,Netherlands,The Netherlands,contact,TV,"Send email, Allianz Trade in the Netherlands, Brabantlaan 2, 5216 TV ’s-Hertogenbosch",5216,,,www.tech.allianz.com,https://www.allianz.com/en/about-us/company/contact/netherlands.html,Netherlands | Allianz,
Allianz Corporate,Netherlands,The Netherlands,contact,AL Amsterdam,"Send email, Allianz Trade is the trademark used to designate a range of services provided by Euler Hermes., Euler Hermes Garanties, De Entree 31 (Alpha Tower), P.O. Box 12473, 1100 AL Amsterdam",1100,+31 73 6889 999,,www.allianz-trade.com,https://www.allianz.com/en/about-us/company/contact/netherlands.html,Netherlands | Allianz,
Allianz Corporate,Netherlands,The Netherlands,contact,Our brand name,"Our brand name, website domain names and email addresses changed to Allianz Trade effective March 28, 2022.",2022,+31 20 696 39 41,,www.allianz-trade.nl,https://www.allianz.com/en/about-us/company/contact/netherlands.html,Netherlands | Allianz,
Allianz Corporate,Poland,PTE Allianz Polska S.A.,office,ul. Inflancka 4B,"ul. Inflancka 4B, Poland",,,,,https://www.allianz.com/en/about-us/company/contact/poland.html,Poland | Allianz,
Allianz Corporate,Poland,PTE Allianz Polska S.A.,office,00-189 Warszawa,"00-189 Warszawa, Poland",,,,,https://www.allianz.com/en/about-us/company/contact/poland.html,Poland | Allianz,
Allianz Corporate,Poland,Allianz Global Corporate & Specialty,contact,TU Allianz POLSKA S.A.,"TU Allianz POLSKA S.A., ul. Rodziny Hiszpanskich 1, 02-685 Warszawa",,,,,https://www.allianz.com/en/about-us/company/contact/poland.html,Poland | Allianz,
Allianz Corporate,Portugal,Allianz Portugal,office,Rua Andrade Corvo 32,"Rua Andrade Corvo 32, Portugal",,,,,https://www.allianz.com/en/about-us/company/contact/portugal.html,Portugal | Allianz,
Allianz Corporate,Portugal,Allianz Commercial,contact,R. Andrade Corvo 32,R. Andrade Corvo 32,,1069-014 Lisboa,,,https://www.allianz.com/en/about-us/company/contact/portugal.html,Portugal | Allianz,
Allianz Corporate,Romania,Allianz-Tiriac Asigurari S.A.,office,82-94 Buzești St.,"82-94 Buzești St., Romania",,,,,https://www.allianz.com/en/about-us/company/contact/romania.html,Romania | Allianz,
Allianz Corporate,Romania,Allianz-Tiriac Asigurari S.A.,office,12,"Floors 3, 4, 12, Romania",,,,,https://www.allianz.com/en/about-us/company/contact/romania.html,Romania | Allianz,
Allianz Corporate,Romania,Allianz-Tiriac Asigurari S.A.,office,Bucharest,"District 1, Bucharest, Romania",,,,,https://www.allianz.com/en/about-us/company/contact/romania.html,Romania | Allianz,
Allianz Corporate,Romania,Allianz Partners,contact,Floreasca Park - Building A,"Floreasca Park - Building A, Soseaua Pipera 43, 5th Floor, Sector 2",,,,,https://www.allianz.com/en/about-us/company/contact/romania.html,Romania | Allianz,
Allianz Corporate,Romania,Bucharest,contact,Globalworth Campus- Building C,"Romania, Allianz Services Romania, Globalworth Campus- Building C, Ing. George Constantinescu street 2-4, 14th Floor, District 2",,+40 21 312 22 37,,www.allianzworldwidepartners.ro,https://www.allianz.com/en/about-us/company/contact/romania.html,Romania | Allianz,
Allianz Corporate,Romania,Bucharest,contact,Floreasca Park - Building A,"Romania, Allianz Technology, Floreasca Park - Building A, Soseaua Pipera 43, Sector 2",,,,,https://www.allianz.com/en/about-us/company/contact/romania.html,Romania | Allianz,
Allianz Corporate,Romania,Bucharest,contact,Allianz-Tiriac Pensii Private,"Romania, Allianz-Tiriac Pensii Private, Emanoil Porumbaru 85-87, Sector 1",,,,www.tech.allianz.com,https://www.allianz.com/en/about-us/company/contact/romania.html,Romania | Allianz,
Allianz Corporate,Romania,Bucharest,contact,Cladirea B,"Romania, Allianz Trade in Romania, Oregon Park, Cladirea B, Et. 1, Șoseaua Pipera 46D-46E-48, Sector 2",,+ 40 21 2072 166 | + 40 21 2072 170,,www.aztpensii.ro,https://www.allianz.com/en/about-us/company/contact/romania.html,Romania | Allianz,
Allianz Corporate,Romania,Bucharest,contact,Back to contacts globally overview,"Romania, Allianz Trade is the trademark used to designate a range of services provided by Euler Hermes., Back to contacts globally overview",,+40 21 302 0300,,www.allianz-trade.com,https://www.allianz.com/en/about-us/company/contact/romania.html,Romania | Allianz,
Allianz Corporate,Slovakia,"Allianz Slovenská poistovna, a. s.",office,Dostojevského rad 4,Dostojevského rad 4,,,,,https://www.allianz.com/en/about-us/company/contact/slovakia.html,Slovakia | Allianz,
Allianz Corporate,Slovakia,"Allianz Slovenská poistovna, a. s.",office,Send email,"815 74 Bratislava, Slovakia, Send email",,,,,https://www.allianz.com/en/about-us/company/contact/slovakia.html,Slovakia | Allianz,
Allianz Corporate,Slovakia,"Allianz Slovenská dôchodková správcovská spolocnost, a.s. (Pension Fund Company)",contact,811 09 Bratislava,"Pribinova 19, 811 09 Bratislava",,,,,https://www.allianz.com/en/about-us/company/contact/slovakia.html,Slovakia | Allianz,
Allianz Corporate,Slovenia,"Allianz Slovenija, podružnica",office,Celovška cesta 252,"Celovška cesta 252, Slovenia",,,,,https://www.allianz.com/en/about-us/company/contact/slovenia.html,Slovenia | Allianz,
Allianz Corporate,Slovenia,"Allianz Slovenija, podružnica",office,Ljubljana,"1000 Ljubljana, Slovenia",1000,,,,https://www.allianz.com/en/about-us/company/contact/slovenia.html,Slovenia | Allianz,
Allianz Corporate,Spain,Allianz Compañía de Seguros y Reaseguros S.A.,office,Madrid,"C/ Ramírez de Arellano, 28043 Madrid, Spain, Send email",28043,,,,https://www.allianz.com/en/about-us/company/contact/spain.html,Spain | Allianz,
Allianz Corporate,Spain,Allianz Commercial,contact,Madrid,"Calle Ramírez, d, e Arellano 35, 28043 Madrid",28043,,,,https://www.allianz.com/en/about-us/company/contact/spain.html,Spain | Allianz,
Allianz Corporate,Spain,Edificio Moda Shopping,contact,Madrid,28020 Madrid,28020,,,,https://www.allianz.com/en/about-us/company/contact/spain.html,Spain | Allianz,
Allianz Corporate,Switzerland,Allianz Suisse Versicherungs-Gesellschaft,office,Zürich,PO Box 8010 Zürich,8010,,,,https://www.allianz.com/en/about-us/company/contact/switzerland.html,Switzerland | Allianz,
Allianz Corporate,Switzerland,Allianz Suisse Versicherungs-Gesellschaft,office,Richtiplatz 1,Richtiplatz 1,,,,,https://www.allianz.com/en/about-us/company/contact/switzerland.html,Switzerland | Allianz,
Allianz Corporate,Switzerland,Allianz Suisse Versicherungs-Gesellschaft,office,Wallisellen,"8304 Wallisellen, Switzerland, Send email",8304,,,,https://www.allianz.com/en/about-us/company/contact/switzerland.html,Switzerland | Allianz,
Allianz Corporate,Switzerland,Allianz Commercial (Allianz Risk Transfer AG) Zurich / Wallisellen Branch,contact,Wallisellen,"Visitor address:, Richtiplatz 1, CH-8304 Wallisellen",8304,,,,https://www.allianz.com/en/about-us/company/contact/switzerland.html,Switzerland | Allianz,
Allianz Corporate,Switzerland,Postfach,contact,Wallisellen,8304 Wallisellen,8304,,,,https://www.allianz.com/en/about-us/company/contact/switzerland.html,Switzerland | Allianz,
Allianz Corporate,Switzerland,Visitors adress:,contact,Wallisellen,"Neue Winterthurer Strasse 88, 8304 Wallisellen",8304,,,,https://www.allianz.com/en/about-us/company/contact/switzerland.html,Switzerland | Allianz,
Allianz Corporate,Switzerland,Send email,contact,Wallisellen,"Euler Hermes Reinsurance AG, Visitor address:, Richtiplatz 1, CH-8304 Wallisellen",8304,,,www.elvia.ch,https://www.allianz.com/en/about-us/company/contact/switzerland.html,Switzerland | Allianz,
Allianz Corporate,Türkiye,Allianz Hayat ve Emeklilik A.S.,office,Kucukbakkalkoy Mahallesi,"Allianz Tower, Kucukbakkalkoy Mahallesi, Kayisdagi Caddesi. No: 1",,,,,https://www.allianz.com/en/about-us/company/contact/turkiye.html,Türkiye | Allianz,
Allianz Corporate,Türkiye,Allianz Hayat ve Emeklilik A.S.,office,Türkiye,"Atasehir/Istanbul 34750, Türkiye",34750,,,,https://www.allianz.com/en/about-us/company/contact/turkiye.html,Türkiye | Allianz,
Allianz Corporate,Türkiye,Allianz Partners,contact,Üsküdar Istanbul,"Altunizade Mah, Kısıklı Cad. No: 47 Kat: 3-4, 34662 Üsküdar Istanbul",34662,,,,https://www.allianz.com/en/about-us/company/contact/turkiye.html,Türkiye | Allianz,
Allianz Corporate,Ukraine,Allianz Ukraine,office,Dehtyarivska St.,"21 G, Dehtyarivska St., Ukraine",,,,,https://www.allianz.com/en/about-us/company/contact/ukraine.html,Ukraine | Allianz,
Allianz Corporate,Ukraine,Allianz Ukraine,office,Kyiv,"04119 Kyiv, Ukraine",04119,,,,https://www.allianz.com/en/about-us/company/contact/ukraine.html,Ukraine | Allianz,
Allianz Corporate,Ukraine,24/7 Information Support Center,contact,,,,Toll-free number from Landline in Ukraine: 0800 500 727,,,https://www.allianz.com/en/about-us/company/contact/ukraine.html,Ukraine | Allianz,
Allianz Corporate,Ukraine,"Commercial property, liability and transport insurance",contact,,,,+38 044 499 77 00 | Toll-free number from Landline in Ukraine: 0800 500 727,,,https://www.allianz.com/en/about-us/company/contact/ukraine.html,Ukraine | Allianz,
Allianz Corporate,Ukraine,Property or car insurance,contact,,,,+38 044 4590 051 | Toll-free number from Landline in Ukraine: 0800 500 727,,,https://www.allianz.com/en/about-us/company/contact/ukraine.html,Ukraine | Allianz,
Allianz Corporate,Ukraine,Send e-mail for claim settlement,contact,Back to contacts globally overview,Back to contacts globally overview,,,,,https://www.allianz.com/en/about-us/company/contact/ukraine.html,Ukraine | Allianz,
Allianz Corporate,United Kingdom,Allianz Holdings plc,office,Send email,"Guildford Business Park, Guildford, Surrey GU2 8XG, United Kingdom, Send email",,,,,https://www.allianz.com/en/about-us/company/contact/united-kingdom.html,United Kingdom | Allianz,
Allianz Corporate,United Kingdom,"Allianz Global Corporate & Specialty SE, UK Branch t/a Allianz Commercial Registered Office",contact,London EC2N 3AR,"15 Bishopsgate, London EC2N 3AR",,,,,https://www.allianz.com/en/about-us/company/contact/united-kingdom.html,United Kingdom | Allianz,
Allianz Corporate,United Kingdom,The Gasworks,contact,Ormeau Road,"Ormeau Road, Belfast BT7 2JD",,,,,https://www.allianz.com/en/about-us/company/contact/united-kingdom.html,United Kingdom | Allianz,
Allianz Corporate,United Kingdom,Northern Ireland,contact,Allianz Partners (AWP Assistance UK Ltd),"Send email, Allianz Partners (AWP Assistance UK Ltd), 102 George Street",,+44 28 9089 5600 | +44 28 9043 4222,,www.allianz-ni.co.uk,https://www.allianz.com/en/about-us/company/contact/united-kingdom.html,United Kingdom | Allianz,
Allianz Corporate,United Kingdom,Croydon,contact,Surrey,"Surrey, CR9 6HD",,+44 20 8681 2525 | +44 20 8688 0577,,,https://www.allianz.com/en/about-us/company/contact/united-kingdom.html,United Kingdom | Allianz,
Allianz Corporate,United Kingdom,Send email,contact,Surrey,"Allianz Technology, Guildford, Building 3, Guildford Business Park, Guildford, Surrey, GU2 8XG",,,,www.allianz-assistance.co.uk,https://www.allianz.com/en/about-us/company/contact/united-kingdom.html,United Kingdom | Allianz,
Allianz Corporate,Argentina,Allianz Argentina Compañía de Seguros S.A.,office,Send email,"Corrientes 299 - C1043AAC, Buenos Aires, Argentina, Send email",,,,,https://www.allianz.com/en/about-us/company/contact/argentina.html,Argentina | Allianz,
Allianz Corporate,Argentina,Allianz Commercial,contact,Avenida Corrientes 299 - C1043,Avenida Corrientes 299 - C1043,,,,,https://www.allianz.com/en/about-us/company/contact/argentina.html,Argentina | Allianz,
Allianz Corporate,Argentina,CABA Buenos Aires,contact,Allianz Global Benefits,"Argentina, Allianz Global Benefits, Corrientes 299 - C1043AAC",,,,www.commercial.allianz.com,https://www.allianz.com/en/about-us/company/contact/argentina.html,Argentina | Allianz,
Allianz Corporate,Argentina,Buenos Aires,contact,Solunion,"Argentina, Send email, Solunion, Corrientes 299 - C1043AAC CBA",,+54 11 43203826,,www.allianzglobalbenefits.com,https://www.allianz.com/en/about-us/company/contact/argentina.html,Argentina | Allianz,
Allianz Corporate,Argentina,Buenos Aires,contact,Back to contacts globally overview,"Argentina, Back to contacts globally overview",,+54 11 4320 9048,,www.solunion.com.ar,https://www.allianz.com/en/about-us/company/contact/argentina.html,Argentina | Allianz,
Allianz Corporate,Bermuda,Allianz Commercial [Allianz Risk Transfer (Bermuda Branch)],office,Overbay,"Overbay, 106 Pitts Bay Road, Bermuda",,,,,https://www.allianz.com/en/about-us/company/contact/bermuda.html,Bermuda | Allianz,
Allianz Corporate,Bermuda,Allianz Commercial [Allianz Risk Transfer (Bermuda Branch)],office,HM 08,"Bermuda, HM 08, Bermuda",,,,,https://www.allianz.com/en/about-us/company/contact/bermuda.html,Bermuda | Allianz,
Allianz Corporate,Brazil,Allianz Seguros S.A.,office,São Paulo - SP,"Rua Eugénio de Medeiros 303, São Paulo - SP, Brazil",,,,,https://www.allianz.com/en/about-us/company/contact/brazil.html,Brazil | Allianz,
Allianz Corporate,Brazil,Allianz Commercial,contact,1st floor – Pinheiros,"Rua Eugênio de Medeiros 303, 1st floor – Pinheiros",,"São Paulo, 05425-000",,,https://www.allianz.com/en/about-us/company/contact/brazil.html,Brazil | Allianz,
Allianz Corporate,Brazil,São Bernardo do Campo-SP,contact,Allianz Saúde S.A.,"Brazil, Allianz Saúde S.A., Rua Eugénio de Medeiros 303",,09750-730 | +55 0800 770 8020 | CEP 05425-000,,www.allianz-partners.com/pt_BR,https://www.allianz.com/en/about-us/company/contact/brazil.html,Brazil | Allianz,
Allianz Corporate,Brazil,São Paulo - SP,contact,Rua Eugenio de Medeiros,"Brazil, Allianz Trade in Brazil, Rua Eugenio de Medeiros,, 303-4° Andar-Pinheiros",,+55 11 40015060 | +55 11 31716171 | Sao Paulo / SP 05425-000,,www.allianz.com.br,https://www.allianz.com/en/about-us/company/contact/brazil.html,Brazil | Allianz,
Allianz Corporate,Canada,Allianz in Canada,office,Back to contacts globally overview,"products and services here:, Products & Services, Allianz Global Assistance, 700 Jamieson Parkway, Cambridge, ON, N3C 4N6, Canada, Send email, Allianz Global Risks US Insurance Company (Allianz Commercial), 130 Adelaide St., West Suite 2300, Toronto, ON, M5H 3P5, Canada, Allianz Trade in Canada, 1155, René-Lévesque Blvd West, Suite 2810, Montréal (Québec) H3B 2L2, Canada, Send email, Our brand name, website domain names and email addresses changed to Allianz Trade effective March 28, 2022, PIMCO Canada, 120 Adelaide Street West, Suite 2005, Toronto M5H 1T1, Canada, Back to contacts globally overview",2005,+1 844 310 1578 | +1 877 509 3224 | +1 866 3413350 | +1 416 3683576,,www.allianz-assistance.ca | www.commercial.allianz.com | www.allianz-trade.com | www.pimco.com,https://www.allianz.com/en/about-us/company/contact/canada.html,Canada | Allianz,
Allianz Corporate,Colombia,Allianz Colombia S.A,office,Torre Allianz - Bogota D.C.,"Carrera 13a 29-24 Local 102, Torre Allianz - Bogota D.C., Colombia",,,,,https://www.allianz.com/en/about-us/company/contact/colombia.html,Colombia | Allianz,
Allianz Corporate,Colombia,Allianz Commercial,contact,Carrera 13A #29-24 - piso 17 - ala Sur,Carrera 13A #29-24 - piso 17 - ala Sur,,,,,https://www.allianz.com/en/about-us/company/contact/colombia.html,Colombia | Allianz,
Allianz Corporate,Colombia,Bogotá,contact,Allianz Inversiones S.A.,"Colombia, Allianz Inversiones S.A., Carrera 13a 29-24 Local 102",,,,www.commercial.allianz.com,https://www.allianz.com/en/about-us/company/contact/colombia.html,Colombia | Allianz,
Allianz Corporate,Colombia,Torre Allianz - Bogota D.C.,contact,Allianz Seguros de Vida S.A.,"Colombia, Allianz Seguros de Vida S.A., Carrera 13a 29-24 Local 102",,+57 1 5 600 600 | +57 1 5 616 695,,www.allianz.co,https://www.allianz.com/en/about-us/company/contact/colombia.html,Colombia | Allianz,
Allianz Corporate,Colombia,Torre Allianz - Bogota D.C.,contact,Allianz Seguros S.A.,"Colombia, Allianz Seguros S.A., Carrera 13a 29-24 Local 102",,+57 1 5 600 600 | +57 1 5 616 695,,www.allianz.co,https://www.allianz.com/en/about-us/company/contact/colombia.html,Colombia | Allianz,
Allianz Corporate,Colombia,Torre Allianz - Bogota D.C.,contact,Colserauto,"Colombia, Colserauto, Colombia, Calle 98ª No. 69c - 15",,+57 1 5 600 600 | +57 1 5 616 695,,www.allianz.co,https://www.allianz.com/en/about-us/company/contact/colombia.html,Colombia | Allianz,
Allianz Corporate,Colombia,Bogota D.C.,contact,Fórum II Piso 8- Medellin,"Colombia, Solunion (Joint venture Euler Hermes / MAPFRE), Calle 7 Sur No. 42 – 70 - Bogota D.C., Fórum II Piso 8- Medellin",,+57 1 7 452 121 | +57 1 5 616 695,,www.colserauto.com,https://www.allianz.com/en/about-us/company/contact/colombia.html,Colombia | Allianz,
Allianz Corporate,French Guyana,"Allianz IARD, French Guiana",office,34 rue Léopold Heder,34 rue Léopold Heder,,,,,https://www.allianz.com/en/about-us/company/contact/french-guyana.html,French Guyana | Allianz,
Allianz Corporate,French Guyana,"Allianz IARD, French Guiana",office,BP 462,BP 462,,,,,https://www.allianz.com/en/about-us/company/contact/french-guyana.html,French Guyana | Allianz,
Allianz Corporate,French Guyana,"Allianz IARD, French Guiana",office,Cayenne,"97300 Cayenne, French Guiana",97300,,,,https://www.allianz.com/en/about-us/company/contact/french-guyana.html,French Guyana | Allianz,
Allianz Corporate,Guadeloupe,"Allianz IARD, Guadeloupe",office,2 rue Achille-René Boisneuf,2 rue Achille-René Boisneuf,,,,,https://www.allianz.com/en/about-us/company/contact/guadeloupe.html,Guadeloupe | Allianz,
Allianz Corporate,Guadeloupe,"Allianz IARD, Guadeloupe",office,BP 178,BP 178,,,,,https://www.allianz.com/en/about-us/company/contact/guadeloupe.html,Guadeloupe | Allianz,
Allianz Corporate,Guadeloupe,"Allianz IARD, Guadeloupe",office,Pointe a Pitre Cedex,"97155 Pointe a Pitre Cedex, Guadeloupe, Send email",97155,,,,https://www.allianz.com/en/about-us/company/contact/guadeloupe.html,Guadeloupe | Allianz,
Allianz Corporate,Guadeloupe,"Allianz VIE, Guadeloupe",contact,Pointe a Pitre Cedex,"Le Patio de Grand Camp, BP 212, 97156 Pointe a Pitre Cedex",97156,,,,https://www.allianz.com/en/about-us/company/contact/guadeloupe.html,Guadeloupe | Allianz,
Allianz Corporate,Mexico,Allianz México S.A. Compañía de Seguros,office,Col. Lomas de Barrilaco,"Blvd. Manuel A. Camacho 164, Col. Lomas de Barrilaco",,,,,https://www.allianz.com/en/about-us/company/contact/mexico.html,Mexico | Allianz,
Allianz Corporate,Mexico,Allianz México S.A. Compañía de Seguros,office,Send email,"C.P. 11010, México D.F, Mexico, Send email",11010,,,,https://www.allianz.com/en/about-us/company/contact/mexico.html,Mexico | Allianz,
Allianz Corporate,Mexico,Allianz Commercial,contact,Perif. Blvd. Manuel Ávila Camacho 164,Perif. Blvd. Manuel Ávila Camacho 164,,,,,https://www.allianz.com/en/about-us/company/contact/mexico.html,Mexico | Allianz,
Allianz Corporate,Mexico,"Lomas de Barrilaco, Miguel Hidalgo",contact,Ciudad de México,"11010 Ciudad de México, CDMX",11010,,,,https://www.allianz.com/en/about-us/company/contact/mexico.html,Mexico | Allianz,
Allianz Corporate,Mexico,"Col. Crédito Constructor, Alc. Benito Juárez",contact,Ciudad De,03940 Ciudad De Mexico,03940,,,,https://www.allianz.com/en/about-us/company/contact/mexico.html,Mexico | Allianz,
Allianz Corporate,Mexico,Col. Nueva Anzures,contact,México D,11590 México D.F.,11590,+52 55 5201 7900,,,https://www.allianz.com/en/about-us/company/contact/mexico.html,Mexico | Allianz,
Allianz Corporate,Australia,Allianz Australia Insurance Limited,office,GPO Box 4049,"GPO Box 4049, Australia",4049,,,,https://www.allianz.com/en/about-us/company/contact/australia.html,Australia | Allianz,
Allianz Corporate,Australia,Allianz Australia Insurance Limited,office,Sydney,"Sydney, NSW 2001, Australia",2001,,,,https://www.allianz.com/en/about-us/company/contact/australia.html,Australia | Allianz,
Allianz Corporate,Australia,Allianz Commercial,contact,Sydney office,"Sydney office, 10 Carrington Street, Sydney NSW 2000",2000,,,,https://www.allianz.com/en/about-us/company/contact/australia.html,Australia | Allianz,
Allianz Corporate,Australia,Australiaa,contact,Melbourne,"Contact us, Allianz Trade is the trademark used to designate a range of services provided by Euler Hermes., Hunter Premium Funding Ltd., Level 14, 380 St Kilda Rd, Melbourne, VIC 3004",3004,,,www.allianz-trade.com,https://www.allianz.com/en/about-us/company/contact/australia.html,Australia | Allianz,
Allianz Corporate,Brunei,National Insurance Company Berhad (AGCS Brunei),office,Regent Square,"Unit 12 & 13, Block A, Regent Square",,,,,https://www.allianz.com/en/about-us/company/contact/brunei.html,Brunei | Allianz,
Allianz Corporate,Brunei,National Insurance Company Berhad (AGCS Brunei),office,Kampong Kiarong BE1318,"Simpang 150, Kampong Kiarong BE1318",,,,,https://www.allianz.com/en/about-us/company/contact/brunei.html,Brunei | Allianz,
Allianz Corporate,Brunei,National Insurance Company Berhad (AGCS Brunei),office,Brunei,"P.O. Box 1251, Bandar Seri Begawan BS8672, Brunei",1251,,,,https://www.allianz.com/en/about-us/company/contact/brunei.html,Brunei | Allianz,
Allianz Corporate,China,"Allianz China Life Insurance Co., Ltd.",office,19F & 20F,"19F & 20F,",,,,,https://www.allianz.com/en/about-us/company/contact/china.html,China | Allianz,
Allianz Corporate,China,"Allianz China Life Insurance Co., Ltd.",office,Pudong New Area,"No.1366, Lujiazui Ring Road,, Pudong New Area,",1366,,,,https://www.allianz.com/en/about-us/company/contact/china.html,China | Allianz,
Allianz Corporate,China,"Allianz China Life Insurance Co., Ltd.",office,Send email,"Shanghai 200120, China, Send email",200120,,,,https://www.allianz.com/en/about-us/company/contact/china.html,China | Allianz,
Allianz Corporate,China,Allianz Global Investors Asset Management (Shanghai) Limited,contact,Munich,"Koeniginstrasse 28, 80802 Munich",80802,,,,https://www.allianz.com/en/about-us/company/contact/china.html,China | Allianz,
Allianz Corporate,China,"Haizhu District, Guangzhou",contact,LG Twin Towers,"Guangdong Province, China, Send email, AllianzJD’s Global Corporate & Specialty Unit (Allianz Commercial), Beijing office, Room 1109B, West Building, LG Twin Towers, No. 12Yi,",,+86 20 8396 6788 | +86 20 3891 1890,,www.jdallianz.com,https://www.allianz.com/en/about-us/company/contact/china.html,China | Allianz,
Allianz Corporate,China,"Jianguomenwai Avenue, Chaoyang District",contact,Haizhu District,"Beijing, China, Send email, Guangzhou office, Room 19/F Baodi Plaza, 83 Pazhou Avenue, Haizhu District",,,,,https://www.allianz.com/en/about-us/company/contact/china.html,China | Allianz,
Allianz Corporate,China,"Guangzhou, Guangdong Province",contact,Shanghai office,"China, Send email, Shanghai office, 14/F Shanghai Tower Center, 501",,,,,https://www.allianz.com/en/about-us/company/contact/china.html,China | Allianz,
Allianz Corporate,China,Middle Yincheng Rd.,contact,Huitong Times Square,"Pudong New District, Shanghai, China, Send email, Allianz Partners, Beijing Head Office, Block A, Building 7, Huitong Times Square, No. 1 Yaojiayuan Road",,,,,https://www.allianz.com/en/about-us/company/contact/china.html,China | Allianz,
Allianz Corporate,China,Chaoyang District,contact,Beijing 100123,Beijing 100123,100123,,,,https://www.allianz.com/en/about-us/company/contact/china.html,China | Allianz,
Allianz Corporate,China,"Pudong New Area,",contact,Shanghai,"Shanghai, 200120",200120,+86 21 6030 5900 | +86 21 6045 7108,,,https://www.allianz.com/en/about-us/company/contact/china.html,China | Allianz,
Allianz Corporate,China,Send email,contact,Shanghai Branch Global Automotive,"Allianz Trade is the trademark used to designate a range of services provided by Euler Hermes, Shanghai Branch Global Automotive, Aurora Plaza 25F04 Fucheng Road 99, Shanghai Pudong 200120",200120,,,www.allianz-trade.com,https://www.allianz.com/en/about-us/company/contact/china.html,China | Allianz,
Allianz Corporate,China,Send email,contact,Back to contacts globally overview,Back to contacts globally overview,,,,www.allianz.cn/en/products/healthcare,https://www.allianz.com/en/about-us/company/contact/china.html,China | Allianz,
Allianz Corporate,Hong Kong,"Allianz Global Investors GmbH, Hong Kong Branch",office,Two Pacific Place,"32/F, Two Pacific Place",,,,,https://www.allianz.com/en/about-us/company/contact/hong-kong.html,Hong Kong | Allianz,
Allianz Corporate,Hong Kong,"Allianz Global Investors GmbH, Hong Kong Branch",office,hk.allianzgi.com,"88 Queensway, Admiralty, Hong Kong, hk.allianzgi.com",,,,,https://www.allianz.com/en/about-us/company/contact/hong-kong.html,Hong Kong | Allianz,
Allianz Corporate,Hong Kong,Allianz Commercial,contact,Cityplaza Phase Four,"Suites 403-11, 4/F, Cityplaza Phase Four, 12 Tai Koo Wan Road",,,,,https://www.allianz.com/en/about-us/company/contact/hong-kong.html,Hong Kong | Allianz,
Allianz Corporate,Hong Kong,"Tai Koo Shing, Hong Kong Island",contact,Cityplaza Phase Four,"Hong Kong, Allianz Partners, Suites 403-11, 4/F, Cityplaza Phase Four, 12 Taikoo Wan Road",,,,www.commercial.allianz.com,https://www.allianz.com/en/about-us/company/contact/hong-kong.html,Hong Kong | Allianz,
Allianz Corporate,Hong Kong,"Taikoo Shing, Island East",contact,Allianz Trade in Hong Kong,"Hong Kong, Allianz Trade in Hong Kong, Suites 403-11, 4/F, 12 Taikoo Wan Road",,+852 2280 4240,,www.allianzpartners.com,https://www.allianz.com/en/about-us/company/contact/hong-kong.html,Hong Kong | Allianz,
Allianz Corporate,Hong Kong,Taikoo Shing,contact,Cityplaza Phase Four,"Hong Kong, Allianz Trade is the trademark used to designate a range of services provided by Euler Hermes., PIMCO Asia Ltd., Suites 403-11, 4/F, Cityplaza Phase Four, 12 Taikoo Wan Road",,+852 3665 8901,,www.allianz-trade.com,https://www.allianz.com/en/about-us/company/contact/hong-kong.html,Hong Kong | Allianz,
Allianz Corporate,Hong Kong,"Taikoo Shing, Island East",contact,Back to contacts globally overview,"Hong Kong, Back to contacts globally overview",,+852 2867 0061 | +852 2869 8655,,www.pimco.com.hk,https://www.allianz.com/en/about-us/company/contact/hong-kong.html,Hong Kong | Allianz,
Allianz Corporate,India,Allianz Commercial,contact,3-North Avenue,"Office #66, 3-North Avenue",,,,,https://www.allianz.com/en/about-us/company/contact/india.html,India | Allianz,
Allianz Corporate,India,Maker Maxity,contact,Mumbai,"Bandra Kurla Complex, Mumbai, Maharashtra 400051",400051,,,,https://www.allianz.com/en/about-us/company/contact/india.html,India | Allianz,
Allianz Corporate,India,EON SEZ Phase II,contact,Eon Kharadi Infrastructure Pvt. Ltd,"Kharadi, Maharashtra, Pune, India, EON Free Zone, Office 1B, 5th Floor, Tower B, S. No. 72/2/1, Eon Kharadi Infrastructure Pvt. Ltd",,,,,https://www.allianz.com/en/about-us/company/contact/india.html,India | Allianz,
Allianz Corporate,India,EON SEZ Phase II,contact,Trivandrum,"Kharadi, Maharashtra, Pune, India, In Trivandrum, Ganga Technopark Campus, Phase III, Trivandrum, Kerala - 695581",695581,,,,https://www.allianz.com/en/about-us/company/contact/india.html,India | Allianz,
Allianz Corporate,India,Electronics Technology Park Phase III,contact,Thiruvananthapuram,"Kazhakuttam, Thiruvananthapuram, Kerala - 695581",695581,,,,https://www.allianz.com/en/about-us/company/contact/india.html,India | Allianz,
Allianz Corporate,India,Opposite Income Tax Office,contact,Bandra (East),"Bandra Kurla Complex, Bandra (East)",,Mumbai 400 051,,,https://www.allianz.com/en/about-us/company/contact/india.html,India | Allianz,
Allianz Corporate,Indonesia,PT Allianz Global Investors Asset Management Indonesia,office,Revenue Tower,"Suite E-H, 11/F, Revenue Tower, Indonesia",,,,,https://www.allianz.com/en/about-us/company/contact/indonesia.html,Indonesia | Allianz,
Allianz Corporate,Indonesia,PT Allianz Global Investors Asset Management Indonesia,office,Revenue Tower 11th Floor,"Revenue Tower 11th Floor, Indonesia",,,,,https://www.allianz.com/en/about-us/company/contact/indonesia.html,Indonesia | Allianz,
Allianz Corporate,Indonesia,PT Allianz Global Investors Asset Management Indonesia,office,SCBD Lot 13,"District 8, SCBD Lot 13, Indonesia",,,,,https://www.allianz.com/en/about-us/company/contact/indonesia.html,Indonesia | Allianz,
Allianz Corporate,Indonesia,PT Allianz Global Investors Asset Management Indonesia,office,Jl. Jenderal Sudirman Kav. 29-31,"Jl. Jenderal Sudirman Kav. 29-31, Indonesia",,,,,https://www.allianz.com/en/about-us/company/contact/indonesia.html,Indonesia | Allianz,
Allianz Corporate,Indonesia,PT Allianz Global Investors Asset Management Indonesia,office,Jakarta 12190,"Jakarta 12190,, Indonesia",12190,,,,https://www.allianz.com/en/about-us/company/contact/indonesia.html,Indonesia | Allianz,
Allianz Corporate,Indonesia,PT Asuransi Allianz Life Indonesia,contact,10,"World Trade Centre 3, 10",,,,,https://www.allianz.com/en/about-us/company/contact/indonesia.html,Indonesia | Allianz,
Allianz Corporate,Indonesia,th,contact,floor,"-15, th, floor, Jl. Jenderal Sudirman Kav. 29-31, Jakarta Selatan 12920,",12920,,,,https://www.allianz.com/en/about-us/company/contact/indonesia.html,Indonesia | Allianz,
Allianz Corporate,Indonesia,nd,contact,floor,"floor, Jl. Jenderal Sudirman Kav. 29-31, Jakarta Selatan 12920,",12920,,,,https://www.allianz.com/en/about-us/company/contact/indonesia.html,Indonesia | Allianz,
Allianz Corporate,Japan,Allianz Life Insurance Japan Ltd.,office,Motoakasaka 1-chome,"6-6, Motoakasaka 1-chome",,,,,https://www.allianz.com/en/about-us/company/contact/japan.html,Japan | Allianz,
Allianz Corporate,Japan,Allianz Life Insurance Japan Ltd.,office,life.allianz.co.jp,"18F, Minato-ku, Japan, Send email, life.allianz.co.jp",,,,,https://www.allianz.com/en/about-us/company/contact/japan.html,Japan | Allianz,
Allianz Corporate,Japan,Allianz Commercial,contact,17th Floor,17th Floor,,,,,https://www.allianz.com/en/about-us/company/contact/japan.html,Japan | Allianz,
Allianz Corporate,Japan,Anzen Building,contact,1 Chome-6-6 Motoakasaka,1 Chome-6-6 Motoakasaka,,,,,https://www.allianz.com/en/about-us/company/contact/japan.html,Japan | Allianz,
Allianz Corporate,Japan,Minato City,contact,,,,Tokyo 107-0051,,,https://www.allianz.com/en/about-us/company/contact/japan.html,Japan | Allianz,
Allianz Corporate,Japan,Minato ku,contact,,,,"Tokyo, 107-0051",,,https://www.allianz.com/en/about-us/company/contact/japan.html,Japan | Allianz,
Allianz Corporate,Japan,"Toranomon, Minato-ku",contact,,,,Tokyo 105-0001,,,https://www.allianz.com/en/about-us/company/contact/japan.html,Japan | Allianz,
Allianz Corporate,Malaysia,Allianz Malaysia,office,Menara Allianz Sentral,"Level 29, Menara Allianz Sentral, Malaysia",,,,,https://www.allianz.com/en/about-us/company/contact/malaysia.html,Malaysia | Allianz,
Allianz Corporate,Malaysia,Allianz Malaysia,office,Kuala Lumpur Sentral,"203, Jalan Tun Sambanthan, Kuala Lumpur Sentral, Malaysia",,,,,https://www.allianz.com/en/about-us/company/contact/malaysia.html,Malaysia | Allianz,
Allianz Corporate,Malaysia,Allianz Malaysia,office,Kuala Lumpur,"50470 Kuala Lumpur, Malaysia",50470,,,,https://www.allianz.com/en/about-us/company/contact/malaysia.html,Malaysia | Allianz,
Allianz Corporate,Malaysia,Allianz Partners,contact,Kuala Lumpur,"Level 17 UOA Center, No. 19 Talan Pinang, 54050 Kuala Lumpur",54050,Office Suite 19-17-1,,,https://www.allianz.com/en/about-us/company/contact/malaysia.html,Malaysia | Allianz,
Allianz Corporate,Malaysia,Jalan Tun Sambanthan,contact,Kuala Lumpur,50470 Kuala Lumpur,50470,,,,https://www.allianz.com/en/about-us/company/contact/malaysia.html,Malaysia | Allianz,
Allianz Corporate,Malaysia,Kuala Lumpur Sentral,contact,Kuala Lumpur,50470 Kuala Lumpur,50470,,,,https://www.allianz.com/en/about-us/company/contact/malaysia.html,Malaysia | Allianz,
Allianz Corporate,New Zealand,Allianz New Zealand,office,P.O. Box 794,P.O. Box 794,,,,,https://www.allianz.com/en/about-us/company/contact/new-zealand.html,New Zealand | Allianz,
Allianz Corporate,New Zealand,Allianz New Zealand,office,Auckland,"1010 Auckland, New Zealand, Send email",1010,,,,https://www.allianz.com/en/about-us/company/contact/new-zealand.html,New Zealand | Allianz,
Allianz Corporate,New Zealand,Allianz Partners,contact,1 Byron Avenue,"Level 3, 1 Byron Avenue",,,,,https://www.allianz.com/en/about-us/company/contact/new-zealand.html,New Zealand | Allianz,
Allianz Corporate,New Zealand,Takapuna,contact,Auckland,"Auckland, New Zealand, Send email, Allianz Partners: www.allianz-partners.com, Travel Insurance: www.allianztravel.co.nz, Allianz Trade in New Zealand, Level 22, Vero Centre,, 48 Shortland street,, Auckland, 1010,",1010,+64 9 486 6868,,,https://www.allianz.com/en/about-us/company/contact/new-zealand.html,New Zealand | Allianz,
Allianz Corporate,Philippines,Allianz PNB Life Insurance Inc.,office,Allied Bank Center,"9th Floor, Allied Bank Center",,,,,https://www.allianz.com/en/about-us/company/contact/philippines.html,Philippines | Allianz,
Allianz Corporate,Philippines,Allianz PNB Life Insurance Inc.,office,Ayala Avenue corner Legaspi Street,"6754 Ayala Avenue corner Legaspi Street, Makati City, MAKATI CENTRAL OFFICE",6754,,,,https://www.allianz.com/en/about-us/company/contact/philippines.html,Philippines | Allianz,
Allianz Corporate,Philippines,Allianz PNB Life Insurance Inc.,office,The Philippines,"P.O. BOX 3191, The Philippines",3191,,,,https://www.allianz.com/en/about-us/company/contact/philippines.html,Philippines | Allianz,
Allianz Corporate,Singapore,Allianz SE Singapore Branch,office,#09-01,"79 Robinson Road, #09-01, Singapore",,,,,https://www.allianz.com/en/about-us/company/contact/singapore.html,Singapore | Allianz,
Allianz Corporate,Singapore,Allianz Capital Partners GmbH (Singapore Branch),contact,Singapore 018961,"12 Marina View, #14-01 Asia Square Tower 2, Singapore 018961",018961,,,www.allianz.com,https://www.allianz.com/en/about-us/company/contact/singapore.html,Singapore | Allianz,
Allianz Corporate,Singapore,Allianz Commercial,contact,Singapore 068897,"79 Robinson Road #09-01, Singapore 068897",068897,,,www.commercial.allianz.com,https://www.allianz.com/en/about-us/company/contact/singapore.html,Singapore | Allianz,
Allianz Corporate,Singapore,Allianz Global Automotive,contact,Singapore 018961,"12 Marina View, #14-01 Asia Square Tower 2, Singapore 018961",018961,+65 6 297 8801,,www.allianzre.com,https://www.allianz.com/en/about-us/company/contact/singapore.html,Singapore | Allianz,
Allianz Corporate,Singapore,Allianz Global Investors Singapore Ltd.,contact,Singapore 068897,"79 Robinson Road, #09-03,, Singapore 068897,",068897,"Reg.No. 199907169Z, Singapore | 1800 438 0828 (Toll free)",,,https://www.allianz.com/en/about-us/company/contact/singapore.html,Singapore | Allianz,
Allianz Corporate,Singapore,sg.allianzgi.com,contact,Singapore 018961,"Allianz Investment Management Singapore Pte Ltd, 12 Marina View, #13-03 Asia Square Tower 2, Singapore 018961",018961,,,www.allianz.com,https://www.allianz.com/en/about-us/company/contact/singapore.html,Singapore | Allianz,
Allianz Corporate,Singapore,Allianz Partners,contact,Singapore 018961,"12 Marina View, #13-04 Asia Square Tower 2, Singapore 018961",018961,+65 6327 2215,,www.allianz-assistance.com.sg,https://www.allianz.com/en/about-us/company/contact/singapore.html,Singapore | Allianz,
Allianz Corporate,Singapore,Allianz Real Estate GmbH,contact,Singapore 018961,"12 Marina View, #14-01 Asia Square Tower 2, Singapore 018961",018961,,,www.allianz.com,https://www.allianz.com/en/about-us/company/contact/singapore.html,Singapore | Allianz,
Allianz Corporate,Singapore,Allianz SE Reinsurance Branch Asia Pacific,contact,Singapore 068897,"No. 79 Robinson Road, #09-01 CapitaSky, Singapore 068897",068897,+65 6 297 8801,,www.allianzre.com,https://www.allianz.com/en/about-us/company/contact/singapore.html,Singapore | Allianz,
Allianz Corporate,Singapore,Allianz SE Singapore Branch,contact,#09-01,"79 Robinson Road, #09-01",,,,,https://www.allianz.com/en/about-us/company/contact/singapore.html,Singapore | Allianz,
Allianz Corporate,Singapore,Allianz Trade in Singapore,contact,Allianz Trade is the trademark used to designate a range of services provided by Euler Hermes.,"79 Robinson Road #09-01, Singapore 068897, Allianz Trade is the trademark used to designate a range of services provided by Euler Hermes.",068897,+65 6 589 3700,,www.allianz-trade.com,https://www.allianz.com/en/about-us/company/contact/singapore.html,Singapore | Allianz,
Allianz Corporate,Sri Lanka,Allianz Insurance Lanka Limited,office,One Galle Face Tower,"Levels 25-27, One Galle Face Tower, No 1A,",,,,,https://www.allianz.com/en/about-us/company/contact/sri-lanka.html,Sri Lanka | Allianz,
Allianz Corporate,Sri Lanka,Allianz Insurance Lanka Limited,office,Send email,"Centre Road, Galle Face, Colombo 02, Sri Lanka, Send email",,,,,https://www.allianz.com/en/about-us/company/contact/sri-lanka.html,Sri Lanka | Allianz,
Allianz Corporate,Sri Lanka,Allianz Insurance Lanka Limited,contact,Galle Face,"Levels 25 – 27, One Galle Face Tower, No 1A,, Centre Road, Galle Face, Colombo 02",,,,,https://www.allianz.com/en/about-us/company/contact/sri-lanka.html,Sri Lanka | Allianz,
Allianz Corporate,Taiwan,Allianz Global Investors Taiwan Ltd,office,Zhongshan N. Rd.,"8F, No. 42, Sec. 2,, Zhongshan N. Rd.,",,,,,https://www.allianz.com/en/about-us/company/contact/taiwan.html,Taiwan | Allianz,
Allianz Corporate,Taiwan,Allianz Global Investors Taiwan Ltd,office,tw.allianzgi.com,"Taipei 104016, Taiwan, tw.allianzgi.com",104016,,,,https://www.allianz.com/en/about-us/company/contact/taiwan.html,Taiwan | Allianz,
Allianz Corporate,Taiwan,Allianz Global Investors Taiwan Ltd,contact,Taipei,"Taipei, 8F, No. 42, Sec. 2,",,,,,https://www.allianz.com/en/about-us/company/contact/taiwan.html,Taiwan | Allianz,
Allianz Corporate,Taiwan,"Zhongshan N. Rd.,",contact,Taipei 104016,Taipei 104016,104016,,,,https://www.allianz.com/en/about-us/company/contact/taiwan.html,Taiwan | Allianz,
Allianz Corporate,Taiwan,"Gongyi Rd., Nantun Dist.",contact,Taichung 408,Taichung 408,,,,,https://www.allianz.com/en/about-us/company/contact/taiwan.html,Taiwan | Allianz,
Allianz Corporate,Taiwan,rd,contact,R.,"R.,, Kaohsiung 80250,",80250,,,,https://www.allianz.com/en/about-us/company/contact/taiwan.html,Taiwan | Allianz,
Allianz Corporate,Taiwan,Xin-Yi Road,contact,Flat A,"Taipei, Taiwan, Allianz Trade in Taiwan, Flat A, 8/F, No. 39, Section 2 Dunhua South Road",,+886 2 8789 5858 | +886 2 8789 5008,,www.allianz.com.tw,https://www.allianz.com/en/about-us/company/contact/taiwan.html,Taiwan | Allianz,
Allianz Corporate,Taiwan,Daan District,contact,Taipei City 10681,Taipei City 10681,10681,,,,https://www.allianz.com/en/about-us/company/contact/taiwan.html,Taiwan | Allianz,
Allianz Corporate,Thailand,Allianz Ayudhya Assurance Pcl.,office,Ploenchit Tower,"1st Floor, Ploenchit Tower, Thailand",,,,,https://www.allianz.com/en/about-us/company/contact/thailand.html,Thailand | Allianz,
Allianz Corporate,Thailand,Allianz Ayudhya Assurance Pcl.,office,898 Ploenchit Road,"898 Ploenchit Road, Thailand",,,,,https://www.allianz.com/en/about-us/company/contact/thailand.html,Thailand | Allianz,
Allianz Corporate,Thailand,Allianz Ayudhya Assurance Pcl.,office,Bangkok 10330,"Bangkok 10330, Thailand",10330,,,,https://www.allianz.com/en/about-us/company/contact/thailand.html,Thailand | Allianz,
Allianz Corporate,Thailand,Allianz Ayudhya General Insurance Pcl.,contact,Ploenchit Tower,"1st Floor, Ploenchit Tower, 898 Ploenchit Road, Bangkok 10330",10330,,,,https://www.allianz.com/en/about-us/company/contact/thailand.html,Thailand | Allianz,
Allianz Corporate,Thailand,New Petchburi Road,contact,Rajathevi,"Makkasan, Rajathevi, Bangkok 10400",10400,,,,https://www.allianz.com/en/about-us/company/contact/thailand.html,Thailand | Allianz,
Allianz Corporate,Bahrain,Allianz Global Investors,office,Alraya Building,"Alraya Building, 3rd Floor",,,,,https://www.allianz.com/en/about-us/company/contact/bahrain.html,Bahrain | Allianz,
Allianz Corporate,Bahrain,Allianz Global Investors,office,Bahrain,"Building 1025, Road 3621, Block 436, Seef District, Manama, Bahrain",3621,,,,https://www.allianz.com/en/about-us/company/contact/bahrain.html,Bahrain | Allianz,
Allianz Corporate,Bahrain,Allianz Trade,contact,Al Warba Center,"c/o Alliance Insurance PSC, 501, Al Warba Center, P.O. Box 183957",183957,,,,https://www.allianz.com/en/about-us/company/contact/bahrain.html,Bahrain | Allianz,
Allianz Corporate,Bahrain,Dubai,contact,Capital Plus Tower,"United Arab Emirates, Send email, Allianz Trade is the trademark used to designate a range of services provided by Euler Hermes., NEXtCARE Holding WLL, Capital Plus Tower, 13th Floor, Office 131 & 132, Building 79, Road 2802, Block 428",2802,+971 4 266 0019,,www.allianz-trade.com,https://www.allianz.com/en/about-us/company/contact/bahrain.html,Bahrain | Allianz,
Allianz Corporate,Bahrain,Seef District,contact,Back to contacts globally overview,"Manama, Bahrain, Back to contacts globally overview",,,,www.nextcarehealth.com,https://www.allianz.com/en/about-us/company/contact/bahrain.html,Bahrain | Allianz,
Allianz Corporate,Egypt,Allianz Egypt,office,Send email,"Business Park A, Building A1 - Cairo Festival City, New Cairo, Cairo Governorate, Egypt, Send email",,,,,https://www.allianz.com/en/about-us/company/contact/egypt.html,Egypt | Allianz,
Allianz Corporate,Egypt,NEXtCARE Egypt,contact,Plot No. 14B01,"Building A1, Plot No. 14B01",,,,,https://www.allianz.com/en/about-us/company/contact/egypt.html,Egypt | Allianz,
Allianz Corporate,Egypt,Cairo Festival City,contact,Back to contacts globally overview,"New Cairo, Egypt, Send email, Back to contacts globally overview",,+202 24632300 | +202 24632304,,www.nextcarehealth.com,https://www.allianz.com/en/about-us/company/contact/egypt.html,Egypt | Allianz,
Allianz Corporate,Ghana,Allianz Insurance Company Ghana Ltd.,office,Accra-Ghana,"Lexta Square, No. 79 Achimota Road,, Ebony Crescent (off the Olusegun Obasanjo Highway), Accra-Ghana",,,,,https://www.allianz.com/en/about-us/company/contact/ghana.html,Ghana | Allianz,
Allianz Corporate,Madagascar,Allianz Madagascar Assurances,office,13 rue Indira Gandhi,13 rue Indira Gandhi,,,,,https://www.allianz.com/en/about-us/company/contact/madagascar.html,Madagascar | Allianz,
Allianz Corporate,Madagascar,Allianz Madagascar Assurances,office,BP 8619,BP 8619,8619,,,,https://www.allianz.com/en/about-us/company/contact/madagascar.html,Madagascar | Allianz,
Allianz Corporate,Madagascar,Allianz Madagascar Assurances,office,Madagascar,"Antananarivo 101, Madagascar",,,,,https://www.allianz.com/en/about-us/company/contact/madagascar.html,Madagascar | Allianz,
Allianz Corporate,Morocco,Allianz Maroc,office,Send email,"Casablanca 20060, Morocco, Send email",20060,,,,https://www.allianz.com/en/about-us/company/contact/morocco.html,Morocco | Allianz,
Allianz Corporate,Morocco,Allianz Services Morocco,contact,Bd Mohamed Zerktouni 167,Bd Mohamed Zerktouni 167,,,,,https://www.allianz.com/en/about-us/company/contact/morocco.html,Morocco | Allianz,
Allianz Corporate,Morocco,Casablanca,contact,Bd Abdellatif Ben Kaddour,"Morocco, Allianz Trade in Morocco, 37, Bd Abdellatif Ben Kaddour, Casablanca 20050",20050,+212 (0) 5 20 500 500,,,https://www.allianz.com/en/about-us/company/contact/morocco.html,Morocco | Allianz,
Allianz Corporate,Nigeria,Allianz Nigeria Insurance plc,office,E-Mail senden,"307, Adeola Odeku,, Victoria Island, Lagos, Nigeria, E-Mail senden",,,,,https://www.allianz.com/en/about-us/company/contact/nigeria.html,Nigeria | Allianz,
Allianz Corporate,Qatar,Allianz Partners - International Health,office,Umm Ghuwailina,"Office 604C, 6th Floor, Jaidah Square Building, Umm Ghuwailina",,,,,https://www.allianz.com/en/about-us/company/contact/qatar.html,Qatar | Allianz,
Allianz Corporate,Qatar,Allianz Partners - International Health,office,Send email,"63 Airport Road Zone 27, Doha, State of Qatar, Send email",,,,,https://www.allianz.com/en/about-us/company/contact/qatar.html,Qatar | Allianz,
Allianz Corporate,Qatar,Allianz Trade in Qatar,contact,Al Warba Center,"501, Al Warba Center, P.O. Box 183957",183957,,,,https://www.allianz.com/en/about-us/company/contact/qatar.html,Qatar | Allianz,
Allianz Corporate,Qatar,Dubai,contact,Back to contacts globally overview,"United Arab Emirates, Send email, Allianz Trade is the trademark used to designate a range of services provided by Euler Hermes., Back to contacts globally overview",,+971 4 266 0019,,www.allianz-trade.com,https://www.allianz.com/en/about-us/company/contact/qatar.html,Qatar | Allianz,
Allianz Commercial,Argentina,Our head office,office,Buenos Aires,"Buenos Aires, Avenida Corrientes 299, C1043",,,AllianzCommercial.Latam@allianz.com,,https://commercial.allianz.com/global-offices/argentina.html,Business insurance in Argentina - Allianz Commercial,
Allianz Commercial,Argentina,CABA Buenos Aires,office,,Argentina,,,AllianzCommercial.Latam@allianz.com,,https://commercial.allianz.com/global-offices/argentina.html,Business insurance in Argentina - Allianz Commercial,
Allianz Commercial,Australia,Our head office,office,Sydney,"Sydney, 10 Carrington Street, Sydney NSW 2000",2000,,Julie.mitchell@allianz.com.au,,https://commercial.allianz.com/global-offices/australia.html,Business insurance in Australia - Allianz Commercial,
Allianz Commercial,Austria,Our head office,office,Vienna,"Vienna, Wiedner Gürtel 9 - 13, 1100 Vienna",1100,,ulrich.kadow@allianz.com,,https://commercial.allianz.com/global-offices/austria.html,Business insurance company in Austria - Allianz Commercial,
Allianz Commercial,Belgium,Our offices,office,Berchem,"Antwerp, Brussels, Antwerp, Antwerp (AGCS) office, Uitbreidingstraat 86, 2600 Berchem",2600,,info.benelux@allianz.com,,https://commercial.allianz.com/global-offices/belgium.html,Business insurance partner in Belgium - Allianz Commercial,
Allianz Commercial,Belgium,Belgium,office,Brussel,"Brussels, Brussels (Allianz Benelux SA), Koning Albert II Laan 32, 1000 Brussel",1000,+32-3-304-1600,info.benelux@allianz.com,,https://commercial.allianz.com/global-offices/belgium.html,Business insurance partner in Belgium - Allianz Commercial,
Allianz Commercial,Allianz Risk Transfer Bermuda Limited,Our head office,office,Jardine House,"Bermuda, Allianz Risk Transfer AG (Bermuda Branch), Jardine House, 33-35 Reid St, Hamilton HM 12",,,?subject=Check%20out%20this%20website&body=You%20might%20be%20interested%20in%20this%20page%20from%20Allianz%20Commercial:%20%25URL%25,,https://commercial.allianz.com/global-offices/allianz-risk-transfer-bermuda-limited.html,Allianz Risk Transfer (ART) Bermuda Limited,
Allianz Commercial,Brazil,Our head office,office,São Paulo,"São Paulo, Rua Eugênio de Medeiros 303, 1st floor – Pinheiros",,"São Paulo, 05425-000",AllianzCommercial.Latam@allianz.com,,https://commercial.allianz.com/global-offices/brazil.html,Business insurance company in Brazil - Allianz Commercial,
Allianz Commercial,Bulgaria,Our head office,office,Sofia,"Sofia, ZAD Allianz Bulgaria, Str. Srebarna 16, 1407 Sofia",1407,,ulrich.kadow@allianz.com,,https://commercial.allianz.com/global-offices/bulgaria.html,Business insurance company in Bulgaria - Allianz Commercial,
Allianz Commercial,Canada,Toronto,office,Toronto,"130 Adelaide Street West, Suite 2300, Toronto, ON M5H 3P5",2300,,allianzinsights@agcs.allianz.com,,https://commercial.allianz.com/global-offices/canada.html,Global business insurance partner in Canada - Allianz Commercial,
Allianz Commercial,Canada,Canada,office,For enquiries,"For enquiries, customer service or claims related to Allianz Global Assistance (traveler or credit card insurance) please visit:",,,allianzinsights@agcs.allianz.com,www.allianz-assistance.ca,https://commercial.allianz.com/global-offices/canada.html,Global business insurance partner in Canada - Allianz Commercial,
Allianz Commercial,China,Guangzhou,office,Guangzhou International Finance Center,"Room 10, 34/F Main Tower, Guangzhou International Finance Center, No. 5",,,christian.sandric@allianz.com,,https://commercial.allianz.com/global-offices/china.html,Business insurance in China - Allianz Commercial,
Allianz Commercial,China,Zhujiang Xi Road,office,Guangzhou,"Zhujiang New Town, Guangzhou, China",,,christian.sandric@allianz.com,,https://commercial.allianz.com/global-offices/china.html,Business insurance in China - Allianz Commercial,
Allianz Commercial,Colombia,Our head office,office,Bogotá,"Bogotá, Carrera 13A #29-24 - piso 17 - ala Sur",,,AllianzCommercial.Latam@allianz.com,,https://commercial.allianz.com/global-offices/colombia.html,Business insurance in Colombia - Allianz Commercial,
Allianz Commercial,Colombia,Bogotá,office,,Colombia,,,AllianzCommercial.Latam@allianz.com,,https://commercial.allianz.com/global-offices/colombia.html,Business insurance in Colombia - Allianz Commercial,
Allianz Commercial,Croatia,Zagreb,office,Zagreb,"Allianz Hrvatska d.d., Heinzelova 70, 10000 Zagreb",10000,,ulrich.kadow@allianz.com,,https://commercial.allianz.com/global-offices/croatia.html,Business insurance company in Croatia - Allianz Commercial,
Allianz Commercial,Czech Republic,Prague,office,a. s.,"Allianz pojišťovna, a. s., Ke Štvanici 656/3, 186 00 Karlín",,,ulrich.kadow@allianz.com,,https://commercial.allianz.com/global-offices/czech-republic.html,Business insurance in Czech Republic - Allianz Commercial,
Allianz Commercial,France,Our head office,office,Puteaux,"Paris, Tour Allianz One, Esplanade Sud – Quartier Michelet, 1 Cours Michelet, 92800 Puteaux",92800,,nadia.kebbi-rodriguez@allianz.com,,https://commercial.allianz.com/global-offices/france.html,Business insurance company in France - Allianz Commercial,
Allianz Commercial,Germany,Our head office,office,Unterföhring,"Munich, Dieselstraße 6-11, 85774 Unterföhring",85774,,az.commercial.gersui@allianz.com,,https://commercial.allianz.com/global-offices/germany.html,Business insurance in Germany | Allianz Commercial,
Allianz Commercial,Hong Kong,Cityplaza Phase Four,office,12 Tai Koo Wan Road,12 Tai Koo Wan Road,,,christian.sandric@allianz.com,,https://commercial.allianz.com/global-offices/hong-kong.html,Business insurance company in Hong Kong - Allianz Commercial,
Allianz Commercial,Hong Kong,Tai Koo Shing,office,[email protected],"Hong Kong Island, Hong Kong, Health team helpline:, For queries related to international health policies, please reach out to our Health team at:, [email protected]",,+852 3077 5486,christian.sandric@allianz.com,,https://commercial.allianz.com/global-offices/hong-kong.html,Business insurance company in Hong Kong - Allianz Commercial,
Allianz Commercial,Hungary,Budapest,office,Budapest,"Allianz Hungária Zrt., Könyves Kálmán krt. 48-52., 1087 Budapest",1087,,mid_alkusz@allianz.hu,,https://commercial.allianz.com/global-offices/hungary.html,Business insurance company in Hungary - Allianz Commercial,
Allianz Commercial,India,Our head office,office,Mumbai,"Mumbai, Office #66, 3-North Avenue",,,christian.sandric@allianz.com,,https://commercial.allianz.com/global-offices/india.html,Business insurance partner in India - Allianz Commercial,
Allianz Commercial,India,Maker Maxity,office,Mumbai,"Bandra Kurla Complex, Mumbai, Maharashtra 400051",400051,,christian.sandric@allianz.com,,https://commercial.allianz.com/global-offices/india.html,Business insurance partner in India - Allianz Commercial,
Allianz Commercial,Indonesia,Jakarta,office,Guntur Jakarta – 12960,"Permata Kuningan Building 2nd Floor, Jl. Kuningan Mulia Kav. 9C, Guntur Jakarta – 12960",12960,,christian.sandric@allianz.com,,https://commercial.allianz.com/global-offices/indonesia.html,Business insurance company in Indonesia - Allianz Commercial,
Allianz Commercial,Italy,Milan,office,Milan,"Piazza Tre Torri 3, 20145 Milan",20145,,allianz.commercial@allianz.it,,https://commercial.allianz.com/global-offices/italy.html,Business insurance partner in Italy - Allianz Commercial,
Allianz Commercial,Japan,Our head office,office,Anzen Building,"Tokyo, Allianz Fire and Marine Insurance Japan Ltd., Anzen Building, 6-6, Motoakasaka 1 chome",,"Minato ku, Tokyo, 107-0051",christian.sandric@allianz.com,,https://commercial.allianz.com/global-offices/japan.html,Business insurance company in Japan - Allianz Commercial,
Allianz Commercial,Japan,Japan,office,海外医療についてはアリアンツ・パートナーズジャパン,"Please note that we are a corporate insurance company. For enquiries, customer service or claims related to travel insurance and other individual insurance outside of Japan, please contact your local insurance company. For other overseas medical-related inquiries, kindly refer to Allianz Partners:, ., 弊社は法人向けの保険会社です。旅行保険などの個人保険に関するお問合せや保険請求については、お手数ですがご加入された現地の保険会社へご連絡をお願いいたします。, 海外医療についてはアリアンツ・パートナーズジャパン",,,christian.sandric@allianz.com,https://www.allianz-partners.com/ja_JP.html,https://commercial.allianz.com/global-offices/japan.html,Business insurance company in Japan - Allianz Commercial,
Allianz Commercial,Latin America,Our head office,office,Brickell,"Miami Latin America Hub, Industrious – 1111 Brickell, Avenue 10th Floor",1111,,david.colmenares@allianz.com,,https://commercial.allianz.com/global-offices/latin-america.html,Allianz Commercial in Latin America,
Allianz Commercial,Allianz Risk Transfer,Our offices,office,Jardine House,"Bermuda, Liechtenstein, Zurich, Bermuda, Bermuda, Allianz Risk Transfer AG (Bermuda Branch), Jardine House, 33-35 Reid St, Hamilton HM 12",,,lara.martiner@allianz.com,,https://commercial.allianz.com/global-offices/allianz-risk-transfer.html,Allianz Risk Transfer AG,
Allianz Commercial,Allianz Risk Transfer,Bermuda,office,Schaan,"Liechtenstein, Liechtenstein, Allianz Risk Transfer AG, Im alten Riet 102, 9494 Schaan",9494,,lara.martiner@allianz.com,,https://commercial.allianz.com/global-offices/allianz-risk-transfer.html,Allianz Risk Transfer AG,
Allianz Commercial,Allianz Risk Transfer,Liechtenstein,office,Wallisellen,"Zurich, Zurich, Allianz Risk Transfer AG, Zurich / Wallisellen Branch, Visitor address:, Richtiplatz 1, CH-8304 Wallisellen",8304,,lara.martiner@allianz.com,,https://commercial.allianz.com/global-offices/allianz-risk-transfer.html,Allianz Risk Transfer AG,
Allianz Commercial,Allianz Risk Transfer,Switzerland,office,Zurich,"Postal address:, Postfach, CH-8010 Zurich",8010,,lara.martiner@allianz.com,,https://commercial.allianz.com/global-offices/allianz-risk-transfer.html,Allianz Risk Transfer AG,
Allianz Commercial,Malaysia,Our head office,office,Jalan Tun Sambanthan,"Kuala Lumpur, Level 29, Menara Allianz Sentral, 203, Jalan Tun Sambanthan",,,christian.sandric@allianz.com,,https://commercial.allianz.com/global-offices/malaysia.html,Business insurance company in Malaysia - Allianz Commercial,
Allianz Commercial,Malaysia,Kuala Lumpur Sentral,office,Kuala Lumpur,50470 Kuala Lumpur,50470,,christian.sandric@allianz.com,,https://commercial.allianz.com/global-offices/malaysia.html,Business insurance company in Malaysia - Allianz Commercial,
Allianz Commercial,Mexico,Ciudad de México,office,Blvd. Manuel Ávila Camacho 164,Blvd. Manuel Ávila Camacho 164,,,AllianzCommercial.Latam@allianz.com,,https://commercial.allianz.com/global-offices/mexico.html,Business insurance in Mexico - Allianz Commercial,
Allianz Commercial,Mexico,"Lomas de Barrilaco, Miguel Hidalgo",office,Ciudad de México,"11010 Ciudad de México, CDMX",11010,,AllianzCommercial.Latam@allianz.com,,https://commercial.allianz.com/global-offices/mexico.html,Business insurance in Mexico - Allianz Commercial,
Allianz Commercial,The Netherlands,Rotterdam,office,AG Rotterdam,"Coolsingel 120, 3011 AG Rotterdam",3011,,info.benelux@allianz.com,,https://commercial.allianz.com/global-offices/netherlands.html,Business insurance company in Netherlands - Allianz Commercial,
Allianz Commercial,the Nordic countries,Our offices,office,Copenhagen,"Denmark, Finland, Sweden, Denmark, Copenhagen, Pilestraede 58, Copenhagen, 1112",1112,,dorte.birkebaek@allianz.com,,https://commercial.allianz.com/global-offices/nordic.html,Business insurance company in Nordic - Allianz Commercial,
Allianz Commercial,the Nordic countries,Denmark,office,Helsinki,"Finland, Helsinki, Konepajankuja 1, Helsinki, 00510",00510,,dorte.birkebaek@allianz.com,,https://commercial.allianz.com/global-offices/nordic.html,Business insurance company in Nordic - Allianz Commercial,
Allianz Commercial,the Nordic countries,Finland,office,Visitor's address:,"Sweden, Stockholm, Visitor's address:, Norrlandsgatan 16, 111 43 Stockholm",,,dorte.birkebaek@allianz.com,,https://commercial.allianz.com/global-offices/nordic.html,Business insurance company in Nordic - Allianz Commercial,
Allianz Commercial,the Nordic countries,Sweden,office,Stockholm,"Postal address:, Serienummer 997015, R 799, SE- 106 53, Stockholm",997015,,dorte.birkebaek@allianz.com,,https://commercial.allianz.com/global-offices/nordic.html,Business insurance company in Nordic - Allianz Commercial,
Allianz Commercial,Poland,Warsaw,office,Allianz Polska,"Allianz Polska, Ul.Inflancka 4b, 00-189 Warszawa",,,ulrich.kadow@allianz.com,,https://commercial.allianz.com/global-offices/poland.html,Business insurance company in Poland - Allianz Commercial,
Allianz Commercial,Romania,Bucharest,office,Allianz-Tiriac Romania,"Allianz-Tiriac Romania, Strada Buzești 82-94, București 011017",011017,,ulrich.kadow@allianz.com,,https://commercial.allianz.com/global-offices/romania.html,Business insurance company in Romania - Allianz Commercial,
Allianz Commercial,Singapore,Singapore,office,Singapore 068897,"79 Robinson Road #09-01, Singapore 068897",068897,,christian.sandric@allianz.com,,https://commercial.allianz.com/global-offices/singapore.html,Business insurance company in Singapore - Allianz Commercial,
Allianz Commercial,Singapore,Health Team helpline:,office,[email protected],"For queries related to International Health policies, please reach out to our Health team at:, [email protected]",,1800 670 9766,christian.sandric@allianz.com,,https://commercial.allianz.com/global-offices/singapore.html,Business insurance company in Singapore - Allianz Commercial,
Allianz Commercial,Slovakia,Bratislava,office,Bratislava,"Allianz - Slovenská poisťovňa, a. s., Pribinova 19, 81109 Bratislava",81109,,ulrich.kadow@allianz.com,,https://commercial.allianz.com/global-offices/slovakia.html,Business insurance company in Slovakia - Allianz Commercial,
Allianz Commercial,Slovenia,Ljubliana,office,Ljubljana,"Allianz Slovenija, podružnica, Dunajska cesta 156, 1000 Ljubljana",1000,,ulrich.kadow@allianz.com,,https://commercial.allianz.com/global-offices/slovenia.html,Business insurance company in Slovenia - Allianz Commercial,
Allianz Commercial,South Africa,Johannesburg,office,Rosebank,"The Firs, 2nd Floor, 32A Cradock Avenue,, 2196 Rosebank",2196,,patrick.thiels@allianz.com,,https://commercial.allianz.com/global-offices/south-africa.html,Business insurance company in South Africa - Allianz Commercial,
Allianz Commercial,South Korea,Seoul,office,Seoul,"Level 22, Seoul Finance Center, 136 Sejong-daero, Jung-gu, Seoul, 04520",04520,,christian.sandric@allianz.com,,https://commercial.allianz.com/global-offices/south-korea.html,Business insurance company in South Korea - Allianz Commercial,
Allianz Commercial,Spain,Ramírez de Arellano 35,office,Madrid,28043 Madrid,28043,,allianzcommercial.iberia@allianz.com,,https://commercial.allianz.com/global-offices/spain.html,Business insurance company in Spain - Allianz Commercial,
Allianz Commercial,Switzerland,Zurich / Wallisellen Branch,office,Wallisellen,"Visitor address:, Richtiplatz 1, CH-8304 Wallisellen",8304,,michael.furtschegger@allianz.com,,https://commercial.allianz.com/global-offices/switzerland.html,Business insurance in Switzerland - Allianz Commercial,
Allianz Commercial,Switzerland,Switzerland,office,Zurich,"Postal address:, Postfach, CH-8010 Zurich",8010,,michael.furtschegger@allianz.com,,https://commercial.allianz.com/global-offices/switzerland.html,Business insurance in Switzerland - Allianz Commercial,
Allianz Commercial,Thailand,Bangkok,office,Allianz Ayudhya,"Allianz Ayudhya, Floor 1 Ploenchit Tower, 898 Ploen Chit Road, Bangkok 10330",10330,,christian.sandric@allianz.com,,https://commercial.allianz.com/global-offices/thailand.html,Business insurance company in Thailand - Allianz Commercial,
Allianz Commercial,the United Kingdom,Business insurance in the United Kingdom - Allianz Commercial,office,Business Black Swans,"Skip to search, Skip to content, Skip to footer, Visit your country page, About us, Overview, About us, About Allianz, Financials, Sustainability, Overview Sustainability, Sustainability Solutions, Countries, Leadership, Structure, Solutions, Discover all solutions, Alternative Risk Transfer, Aviation, Construction, Cyber, Entertainment, Financial Lines, Liability, Marine, Natural Resources, Property, Global Industry Solutions, Sustainability Solutions, Further business insurance solutions, Services, Discover all services, Multinational Insurance, Captive Insurance, Crisis Management, Risk Consulting, News and insights, Overview, News, All news and press releases, Partnership with Coalition, Head of Distribution for EMEA, Severe convective storms, Partnership with Reel Media, Business Black Swans scenarios, New Regional Managing Director for Iberia, New Global Head of Multinational, Reports, All reports, Business Black Swans, Allianz Risk Barometer 2026",2026,Global Risk Dialogue 02/2025,allianz.commercial.uk@allianz.com,,https://commercial.allianz.com/global-offices/united-kingdom.html,Business insurance in the United Kingdom - Allianz Commercial,
Allianz Commercial,the United Kingdom,D&O insurance insights,office,The data center construction boom,"The data center construction boom, Cyber security resilience 2025",2025,,allianz.commercial.uk@allianz.com,,https://commercial.allianz.com/global-offices/united-kingdom.html,Business insurance in the United Kingdom - Allianz Commercial,
Allianz Commercial,the United Kingdom,Articles,office,- Cyber incidents,"All articles, Allianz Risk Barometer 2026 - Cyber incidents, Allianz Risk Barometer 2026 - Artificial intelligence, Allianz Risk Barometer 2026 - Business interruption, Allianz Risk Barometer 2026 - Changes in legislation, Allianz Risk Barometer 2026 - Natural catastrophes, Allianz Risk Barometer 2026 - Climate change",2026,,allianz.commercial.uk@allianz.com,,https://commercial.allianz.com/global-offices/united-kingdom.html,Business insurance in the United Kingdom - Allianz Commercial,
Allianz Commercial,the United Kingdom,Commercial Insights,office,Offered by Allianz Insurance plc,"All reports, Severe convective storms, Risk advisory, All risk advisory, Risk bulletins, Emerging risk trend talk, Climate change risk reduction, Natural Catastrophes checklists, Online trainings, Loss lessons, Newsletter, Press, Claims, Countries, Careers, Search, Search, Cancel, GO, Visit your country page, Allianz Commercial, Countries, Allianz Commercial in the United Kingdom, Tailored to your needs:, Tailored to your needs:, What we offer, Contact, Management, News, Risk Barometer, Further info, Offices, All countries / territories, Allianz Commercial in the United Kingdom, Welcome to Allianz Commercial – your business insurance partner in the United Kingdom., Allianz is renowned for its commitment to safeguarding businesses with top-tier commercial insurance solutions in the UK. As your trusted insurance company in the United Kingdom, we leverage our global experience and local expertise to manage your business risks effectively. Our strength lies in addressing complex risks with bespoke solutions. As one of the foremost insurance companies in the world, we provide a range of insurance options for medium-sized businesses, large corporations, and specific risk categories, alongside proactive risk management services., Part of Allianz, the leading global insurance brand, Allianz Commercial has the expertise, international scope, and financial solidity to deliver unparalleled business insurance solutions. Explore what we have to offer and get in touch to discuss your bespoke insurance requirements. Your business deserves premier protection, and that’s our promise to you., Important fraud notice, Allianz Commercial offerings in the UK, For intermediary use, This overview is for reference only. It does not detail the conditions, limitations or exclusions of the cover., Please see the policy wording for further details., Alternative Risk Transfer, Aviation Insurance, Cyber Insurance, Entertainment Insurance, Financial Lines Insurance, Liability Insurance, Marine Insurance, Motor Insurance, Natural Resources & Construction Insurance, Property Insurance, Alternative Risk Transfer, Offered by Allianz Global Corporate & Specialty SE (AGCS), Alternative Risk Transfer, We develop customized insurance, reinsurance and other non-traditional risk management solutions for a broad range of corporate and financial clients worldwide., Find out more, Aviation Insurance, Offered by Allianz Global Corporate & Specialty SE (AGCS), Airlines Insurance, Since the early days of aviation, we've provided airline insurance to all types of operator, from cargo and low-cost airlines to major fleets and national flag carriers., Find out more, Offered by Allianz Global Corporate & Specialty SE (AGCS), General Aviation Insurance, We insure all types of general aviation risks: from single aircraft on a ‘private business and pleasure’ basis to the largest commercial fleets., Find out more, Offered by Allianz Global Corporate & Specialty SE (AGCS), Aerospace Insurance, We provide tailored aerospace insurance to a wide range of clients, from aerospace giants to small OEM suppliers and refuellers, covering all types of damage and liability., Find out more, Cyber Insurance, Offered by Allianz Global Corporate & Specialty SE (AGCS), Cyber Insurance, We offer a range of products, from standalone cyber insurance to integreated coverage, safeguarding large organizations against digital threats and cybercrime., Find out more, Entertainment Insurance, Offered by Allianz Global Corporate & Specialty SE (AGCS), Production Insurance, Whether you need entertainment insurance for a film, TV show, whether for theatrical release or for streaming, we cover all elements required to bring the project to life., Find out more, Offered by Allianz Global Corporate & Specialty SE (AGCS), Live Events & Sports Insurance, We provide coverage for, tours and live events of all sizes, , including solo shows, motor sports, week-long festivals and national and international tours., Find out more, Financial Lines Insurance, Offered by Allianz Global Corporate & Specialty SE (AGCS), Directors & Officers (D&O) Insurance | Large businesses, Our D&O insurance shields company managers of large companies from claims and reimburses the insured company for settlements paid on behalf of managers., Find out more, Offered by Allianz Global Corporate & Specialty SE (AGCS), Professional Indemnity Insurance, We offer directors & officers and professional indemnity products for UK based mid-sized businesses, traded via our specialist regional hubs., Find out more, Offered by Allianz Global Corporate & Specialty SE (AGCS), Financial Institutions Insurance, We provide a strong product offering for financial institutions via a suite of products, either with stand-alone coverage or on a blended basis., Find out more, Offered by Allianz Insurance plc, Authorised and regulated by the PRA. Regulated by the FCA. Financial Services Register number 121849",121849,,allianz.commercial.uk@allianz.com,,https://commercial.allianz.com/global-offices/united-kingdom.html,Business insurance in the United Kingdom - Allianz Commercial,
Allianz Commercial,the United Kingdom,Financial Lines Insurance | Mid-sized businesses,office,Offered by Allianz Insurance plc,"We offer directors & officers and professional indemnity products for UK based mid-sized businesses, traded via our specialist regional hubs., Find out more, Offered by Allianz Insurance plc, Authorised and regulated by the PRA. Regulated by the FCA. Financial Services Register number 121849",121849,,allianz.commercial.uk@allianz.com,,https://commercial.allianz.com/global-offices/united-kingdom.html,Business insurance in the United Kingdom - Allianz Commercial,
Allianz Commercial,the United Kingdom,Digitally traded products | SME customers,office,Offered by Allianz Insurance plc,"A range of products for small to medium UK businesses is available through our trading solution QuoteSME or via imarket and major software houses., Find out more, Liability Insurance, Offered by Allianz Global Corporate & Specialty SE (AGCS), General Liability Insurance, We offer a range of general and specialist liability insurance products, covering personal or bodily injury, property damage and pure financial loss., Find out more, Offered by Allianz Global Corporate & Specialty SE (AGCS), Environmental Liability Insurance, We help your company evaluate, mitigate, and protect against environmental risks, with tailored solutions in the areas of premises pollution and contracting pollution., Find out more, Offered by Allianz Global Corporate & Specialty SE (AGCS), Clinical Trials Insurance, Our specialist Clinical Trials Insurance team provide cover for every phase of a clinical trial, with locally compliant coverage given on an admitted basis., Find out more, Offered by Allianz Insurance plc, Authorised and regulated by the PRA. Regulated by the FCA. Financial Services Register number 121849",121849,,allianz.commercial.uk@allianz.com,,https://commercial.allianz.com/global-offices/united-kingdom.html,Business insurance in the United Kingdom - Allianz Commercial,
Allianz Commercial,the United Kingdom,Commercial combined solutions | Mid-sized businesses,office,Offered by Allianz Insurance plc,"We offer tailored property and casualty solutions for UK based mid-sized businesses all traded via our UK-wide branch network., Find out more, Offered by Allianz Insurance plc, Authorised and regulated by the PRA. Regulated by the FCA. Financial Services Register number 121849",121849,,allianz.commercial.uk@allianz.com,,https://commercial.allianz.com/global-offices/united-kingdom.html,Business insurance in the United Kingdom - Allianz Commercial,
Allianz Commercial,the United Kingdom,Digitally traded products | SME customers,office,Offered by Allianz Insurance plc,"A range of packaged products for small to medium UK businesses is available through our trading solution QuoteSME or via imarket and major software houses., Find out more, Marine Insurance, Offered by Allianz Global Corporate & Specialty SE (AGCS), Marine Hull and Liability Insurance, Hull and machinery coverage for all types of blue- and brown-water shipping, plus shipyards and building risks, as well for mega yachts, yachts and pleasure craft., Find out more, Offered by Allianz Global Corporate & Specialty SE (AGCS), Marine Cargo Insurance | Large businesses, Comprehensive insurance for all stages of the distribution chain, including goods in transit, storage risks, global programs and project cargo for specialist shipments., Find out more, Offered by Allianz Insurance plc, Authorised and regulated by the PRA. Regulated by the FCA. Financial Services Register number 121849",121849,,allianz.commercial.uk@allianz.com,,https://commercial.allianz.com/global-offices/united-kingdom.html,Business insurance in the United Kingdom - Allianz Commercial,
Allianz Commercial,the United Kingdom,Digitally traded Marine Cargo | Small- to mid-sized businesses,office,Offered by Allianz Insurance plc,"All risks cover for goods in transit worldwide or storage in the UK, available on annual or single trip policy for smaller transit values., Find out more, Motor Insurance, Offered by Allianz Insurance plc, Authorised and regulated by the PRA. Regulated by the FCA. Financial Services Register number 121849",121849,,allianz.commercial.uk@allianz.com,,https://commercial.allianz.com/global-offices/united-kingdom.html,Business insurance in the United Kingdom - Allianz Commercial,
Allianz Commercial,the United Kingdom,Motor Fleet,office,Offered by Allianz Insurance plc,"Comprehensive solutions for both traditional and electric vehicle fleets of any size, traded digitally or through our UK-wide branch network., Find out more, Offered by Allianz Insurance plc, Authorised and regulated by the PRA. Regulated by the FCA. Financial Services Register number 121849",121849,,allianz.commercial.uk@allianz.com,,https://commercial.allianz.com/global-offices/united-kingdom.html,Business insurance in the United Kingdom - Allianz Commercial,
Allianz Commercial,the United Kingdom,Motor Trade,office,Offered by Allianz Insurance plc,"Products and services to suit the unique needs of UK-based businesses operating in the motor trade sector., Find out more, Natural Resources & Construction Insurance, Offered by Allianz Global Corporate & Specialty SE (AGCS), Construction Insurance | Large businesses, Our construction performance insurance protects you against financial losses due to unforeseen damage (e.g. vandalism, storm, hail, flooding) during the construction project., Find out more, Offered by Allianz Global Corporate & Specialty SE (AGCS), Natural Resources Insurance | Large businesses, We cover diverse engineering sectors, including power, utilities, and transportation. We also provide solutions for complex energy challenges and renewables/green energy., Find out more, Offered by Allianz Insurance plc, Authorised and regulated by the PRA. Regulated by the FCA. Financial Services Register number 121849",121849,,allianz.commercial.uk@allianz.com,,https://commercial.allianz.com/global-offices/united-kingdom.html,Business insurance in the United Kingdom - Allianz Commercial,
Allianz Commercial,the United Kingdom,Construction Insurance | Mid-sized businesses,office,Offered by Allianz Insurance plc,"We offer comprehensive solutions for UK based mid-corporate construction businesses and for single construction or engineering projects, traded via our specialist regional hubs., Find out more, Offered by Allianz Insurance plc, Authorised and regulated by the PRA. Regulated by the FCA. Financial Services Register number 121849",121849,,allianz.commercial.uk@allianz.com,,https://commercial.allianz.com/global-offices/united-kingdom.html,Business insurance in the United Kingdom - Allianz Commercial,
Allianz Commercial,the United Kingdom,Renewable power | Mid-sized businesses,office,Offered by Allianz Insurance plc,"Insurance and inspection solutions for UK based mid-corporate commercial operators of renewable power installations including; solar, wind, hydro and short term operational reserve installations (STOR), both during construction and whilst operational., Find out more, Offered by Allianz Insurance plc, Authorised and regulated by the PRA. Regulated by the FCA. Financial Services Register number 121849",121849,,allianz.commercial.uk@allianz.com,,https://commercial.allianz.com/global-offices/united-kingdom.html,Business insurance in the United Kingdom - Allianz Commercial,
Allianz Commercial,the United Kingdom,Engineering solutions | Mid-sized businesses,office,Offered by Allianz Insurance plc,"We offer specialist insurance and inspection products to protect plant and machinery owned or leased by UK based mid-corporate businesses, traded via our specialist regional hubs., Find out more, Property Insurance, Offered by Allianz Global Corporate & Specialty SE (AGCS), Property Insurance | Large businesses, We specialize in providing property damage and business interruption insurance to large international companies, leveraging our global network to address all risk portfolios., Find out more, Offered by Allianz Global Corporate & Specialty SE (AGCS), Political Violence and Terrorism Insurance, We offer crisis management solutions, providing innovative assistance in handling various crisis scenarios such as terrorism, political violence, and hostile environments., Find out more, Offered by Allianz Insurance plc, Authorised and regulated by the PRA. Regulated by the FCA. Financial Services Register number 121849",121849,,allianz.commercial.uk@allianz.com,,https://commercial.allianz.com/global-offices/united-kingdom.html,Business insurance in the United Kingdom - Allianz Commercial,
Allianz Commercial,the United Kingdom,Commercial combined | Mid-sized businesses,office,Offered by Allianz Insurance plc,"We offer tailored property and casualty solutions for UK based mid-sized businesses all traded via our UK-wide branch network., Find out more, Offered by Allianz Insurance plc, Authorised and regulated by the PRA. Regulated by the FCA. Financial Services Register number 121849",121849,,allianz.commercial.uk@allianz.com,,https://commercial.allianz.com/global-offices/united-kingdom.html,Business insurance in the United Kingdom - Allianz Commercial,
Allianz Commercial,the United Kingdom,Digitally traded products | SME customers,office,Business Black Swan scenarios,"A range of packaged products for small to medium UK businesses is available through our trading solution QuoteSME or via imarket and major software houses., Find out more, Discover our services, Allianz Multinational, Captive Fronting, Crisis Management, Risk Consulting, Contact us, Small- and mid-sized businesses, Visit our Allianz Insurance plc site, Large businesses, Business Lines, Risk appetite and contacts, Meet the Management team, Phuong Ly, Commercial Managing Director for United Kingdom, Luke Baker, Director UK Global, AGCS UK Branch Manager, Nick Hobbs, Chief Distribution Officer for Allianz Commercial in the UK, Alastair Warren-Upham, Head of Distribution, London, UK, All the latest news, reports and hot topics, Global | Press release, New Global Head of Multinational, Allianz Commercial announced that Karol Dobias will become the new Global Head of Multinational of Allianz Commercial and Allianz Global Corporate & Specialty SE (‘AGCS’)., Read more, Global | Press release, Partnership with Coalition, Allianz Commercial and Coalition announced a transformative, strategic agreement under which Allianz will transition its commercial cyber insurance business to Coalition., Read more, Commercial Insights, Severe convective storms, A new report from Allianz Commercial sheds light on the growing threat of severe convective storms (SCS), which have become a significant annual loss driver for the insurance industry., Read more, Global | Press release, Severe convective storms, The frequency and intensity of severe convective storm events have increased significantly leading to insured losses in billions of US dollars globally., Read more, Global | Press release, Senior leader appointments in large-corp Property business, Allianz Commercial today announced two internal promotions within its Property teams in the large-corporate segment., Read more, Global | Press release, Partnership with Reel Media, Allianz Commercial has entered into a strategic agreement with Managing General Agent Reel Media, to create a new partnership in the global Entertainment insurance market., Read more, Global | Press release, Business Black Swan scenarios, Around 50% of companies see supply chain paralysis and a global internet outage as the two most plausible Black Swan scenarios in the next five years.",,,allianz.commercial.uk@allianz.com,,https://commercial.allianz.com/global-offices/united-kingdom.html,Business insurance in the United Kingdom - Allianz Commercial,
Allianz Commercial,the United Kingdom,Read more,office,Read more,"Report, Business Black Swans, Survey: The threats companies consider to be most plausible in the next five years., Read more, Allianz Risk Barometer 2026 | Expert risk article",2026,,allianz.commercial.uk@allianz.com,,https://commercial.allianz.com/global-offices/united-kingdom.html,Business insurance in the United Kingdom - Allianz Commercial,
Allianz Commercial,the United Kingdom,Risk in focus: Cyber incidents,office,and by a higher margin than ever before,Cyber incidents is the top global risk for 2026 and by a higher margin than ever before – 10% ahead of the closely-linked peril of artificial intelligence (AI).,2026,,allianz.commercial.uk@allianz.com,,https://commercial.allianz.com/global-offices/united-kingdom.html,Business insurance in the United Kingdom - Allianz Commercial,
Allianz Commercial,the United Kingdom,Read more,office,Allianz Risk Barometer 2026 | Expert risk article,Allianz Risk Barometer 2026 | Expert risk article,2026,,allianz.commercial.uk@allianz.com,,https://commercial.allianz.com/global-offices/united-kingdom.html,Business insurance in the United Kingdom - Allianz Commercial,
Allianz Commercial,the United Kingdom,Risk in focus: Market developments,office,with this risk dropping from #8 to #10 year-on-year.,"Following another strong year for equity and M&A markets, businesses appear slightly more relaxed about market risks, with this risk dropping from #8 to #10 year-on-year.",,,allianz.commercial.uk@allianz.com,,https://commercial.allianz.com/global-offices/united-kingdom.html,Business insurance in the United Kingdom - Allianz Commercial,
Allianz Commercial,the United Kingdom,Risk in focus: Changes in legislation and regulation,office,driven by concerns over factors such as tariffs.,"Changes in legislation and regulation remains at #4. However, there is an increase in the share of respondents, driven by concerns over factors such as tariffs.",,,allianz.commercial.uk@allianz.com,,https://commercial.allianz.com/global-offices/united-kingdom.html,Business insurance in the United Kingdom - Allianz Commercial,
Allianz Commercial,the United Kingdom,Risk in focus: Political risks and violence,office,Read more,"Political risks and violence rises to its highest ever position globally. Unsurprisingly, war is the peril companies are most worried about., Read more, Allianz Risk Barometer 2026 | Expert risk article",2026,,allianz.commercial.uk@allianz.com,,https://commercial.allianz.com/global-offices/united-kingdom.html,Business insurance in the United Kingdom - Allianz Commercial,
Allianz Commercial,the United Kingdom,Risk in focus: Business interruption,office,Business interruption and supply chain disruption drops to #3 from #2 but this peril remains a significant concern given it can be a consequence of other risks in the global top 10.,Business interruption and supply chain disruption drops to #3 from #2 but this peril remains a significant concern given it can be a consequence of other risks in the global top 10.,,,allianz.commercial.uk@allianz.com,,https://commercial.allianz.com/global-offices/united-kingdom.html,Business insurance in the United Kingdom - Allianz Commercial,
Allianz Commercial,the United Kingdom,Risk in focus: Macroeconomic developments,office,Macroeconomic developments drops to #8 with the global economy showing impressive resilience heading into 2026.,Macroeconomic developments drops to #8 with the global economy showing impressive resilience heading into 2026.,2026,,allianz.commercial.uk@allianz.com,,https://commercial.allianz.com/global-offices/united-kingdom.html,Business insurance in the United Kingdom - Allianz Commercial,
Allianz Commercial,the United Kingdom,"Risk in focus: Fire, explosion",office,explosion,"Few things can be more destructive and disruptive than fire, explosion, a perennial top 10 business risk, ranking #9 globally in 2026.",2026,,allianz.commercial.uk@allianz.com,,https://commercial.allianz.com/global-offices/united-kingdom.html,Business insurance in the United Kingdom - Allianz Commercial,
Allianz Commercial,the United Kingdom,Read more,office,Top 3 business risks in 2026:,Top 3 business risks in 2026: United Kingdom,2026,,allianz.commercial.uk@allianz.com,,https://commercial.allianz.com/global-offices/united-kingdom.html,Business insurance in the United Kingdom - Allianz Commercial,
Allianz Commercial,the United Kingdom,Annual research on major business risks,office,rank,"1. Cyber incidents (62%) - 2025 rank: 1 (41%), 2. Artificial intelligence (51%) - 2025 rank: 5 (22%), 3. Business interruption (31%) - 2025 rank: 2 (30%)",2025,,allianz.commercial.uk@allianz.com,,https://commercial.allianz.com/global-offices/united-kingdom.html,Business insurance in the United Kingdom - Allianz Commercial,
Allianz Commercial,the United Kingdom,Discover the Allianz Risk Barometer,office,UK Branch Registered Office,"Sign up to the newsletter, Keep up to date on all news and insights from Allianz Commercial, Email newsletter, LinkedIn newsletter, Further information, Allianz Commercial Disclaimer, Allianz Commercial UK risk appetite, Allianz Global Corporate & Specialty SE, AGCS SE UK Tax Strategy, Gender Pay Gap Report, Insurance Product Information, Customer complaints, Complaints regarding human rights, Allianz Insurance plc, Visit Allianz UK local website, Distributor Product Guides, Motorsport Combined Policy, Miscellaneous' PI, Film and TV Production Policy, Entertainment Combined Product, Accountants' PI, Insurance brokers' PI, Solicitors' PI, Surveyors' PI, Clinical Trials, Environmental Protect Premises, EPProject (Contractors Pollution Liability), Our offices, London, Guildford, Branch offices, London, London, Allianz Global Corporate & Specialty SE, UK Branch Registered Office, 15 Bishopsgate, London EC2N 3AR",,,allianz.commercial.uk@allianz.com,,https://commercial.allianz.com/global-offices/united-kingdom.html,Business insurance in the United Kingdom - Allianz Commercial,
Allianz Commercial,the United Kingdom,United Kingdom,office,Details about the extent of our regulation by the Prudential Regulation Authority are available from us on request.,"Registered in England at UK Companies House FC039211 and BR024312., Authorised and regulated by Bundesanstalt für Finanzdienstleistungsaufsicht. Authorised by the Prudential Regulation Authority. Subject to regulation by the Financial Conduct Authority and limited regulation by the Prudential Regulation Authority, registration number 214374., Details about the extent of our regulation by the Prudential Regulation Authority are available from us on request.",214374,,allianz.commercial.uk@allianz.com,,https://commercial.allianz.com/global-offices/united-kingdom.html,Business insurance in the United Kingdom - Allianz Commercial,
Allianz Commercial,the United Kingdom,Guildford,office,Allianz Insurance plc head office,"Guildford, Allianz Insurance plc head office, 57 Ladymead, Guildford GU1 1DB",,,allianz.commercial.uk@allianz.com,,https://commercial.allianz.com/global-offices/united-kingdom.html,Business insurance in the United Kingdom - Allianz Commercial,
Allianz Commercial,the United Kingdom,United Kingdom,office,Allianz Insurance plc is authorised by the Prudential Regulation Authority and regulated by the Financial Conduct Authority and the Prudential Regulation Authority. Financial Services Register number 121849.,Allianz Insurance plc is authorised by the Prudential Regulation Authority and regulated by the Financial Conduct Authority and the Prudential Regulation Authority. Financial Services Register number 121849.,121849,,allianz.commercial.uk@allianz.com,,https://commercial.allianz.com/global-offices/united-kingdom.html,Business insurance in the United Kingdom - Allianz Commercial,
Allianz Commercial,the United Kingdom,Branch offices,office,Trade credit insurance and surety bonds,"All office locations in the UK, Trade credit insurance and surety bonds, Allianz Commercial is part of one of the world's strongest financial services groups and the, world’s #1 insurance brand",,,allianz.commercial.uk@allianz.com,,https://commercial.allianz.com/global-offices/united-kingdom.html,Business insurance in the United Kingdom - Allianz Commercial,
Allianz Commercial,the United Kingdom,". When you partner with us, you partner with Allianz Group — and its sister companies.",office,surety bonds or other finance solutions,"Allianz Trade, Through, Allianz Trade, , we offer a comprehensive range of solutions to protect your accounts receivables and manage your commercial credit. Allianz Trade is the global leader in, trade credit insurance and credit management, ,, offering tailored solutions to mitigate the risks associated with bad debt, thereby ensuring the financial stability of businesses. Allianz Trade’s products and services help companies with, surety bonds, , structured trade credit,, business fraud insurance, , debt collection processes and e-commerce credit insurance, ensuring the financial resilience of your business., Allianz Trade’s expertise in risk mitigation and finance gives companies the confidence to trade, expand into international markets with confidence and be paid: They compensate your company in the event of a bad debt, but more importantly, they help you avoid bad debts in the first place., Whenever Allianz Trade provides trade credit insurance, surety bonds or other finance solutions, the priority is on predictive protection. Its international surveillance network monitors and analyzes the financial stability of 83 million companies across all sectors in 160+ countries. And when the unexpected happens, their AA credit rating (Standard and Poor’s) means they have the resources to provide compensation to maintain your business.",,,allianz.commercial.uk@allianz.com,,https://commercial.allianz.com/global-offices/united-kingdom.html,Business insurance in the United Kingdom - Allianz Commercial,
Allianz Commercial,the United Kingdom,Visit the Allianz Trade website,office,Voice your concerns,"Share via, What we offer, Solutions, Services, Global presence, Claims, Featured, Visit your country page, Financials, Sustainability, Press and media, About us, About Allianz Group, Allianz Trade website, Careers, Stay up to date, Follow us on LinkedIn, Sign up to the email newsletter, Sign up to the LinkedIn newsletter, Download our latest reports, Credits, Privacy notice, Terms of use, Contact, Compliance, Modern slavery act statement, Voice your concerns, © Allianz 2026. All Rights Reserved.",2026,,allianz.commercial.uk@allianz.com,,https://commercial.allianz.com/global-offices/united-kingdom.html,Business insurance in the United Kingdom - Allianz Commercial,
Allianz Commercial,the United Kingdom,Allianz Commercial,office,Allianz Commercial in the,"Countries, Allianz Commercial in the United Kingdom",,,allianz.commercial.uk@allianz.com,,https://commercial.allianz.com/global-offices/united-kingdom.html,Business insurance in the United Kingdom - Allianz Commercial,
Allianz Commercial,the United States,Business insurance in the United States - Allianz Commercial USA,office,Business Black Swans,"Skip to search, Skip to content, Skip to footer, Visit your country page, About us, Overview, About us, About Allianz, Financials, Sustainability, Overview Sustainability, Sustainability Solutions, Countries, Leadership, Structure, Solutions, Discover all solutions, Alternative Risk Transfer, Aviation, Construction, Cyber, Entertainment, Financial Lines, Liability, Marine, Natural Resources, Property, Global Industry Solutions, Sustainability Solutions, Further business insurance solutions, Services, Discover all services, Multinational Insurance, Captive Insurance, Crisis Management, Risk Consulting, News and insights, Overview, News, All news and press releases, Partnership with Coalition, Head of Distribution for EMEA, Severe convective storms, Partnership with Reel Media, Business Black Swans scenarios, New Regional Managing Director for Iberia, New Global Head of Multinational, Reports, All reports, Business Black Swans, Allianz Risk Barometer 2026",2026,Global Risk Dialogue 02/2025,shanil.williams@allianz.com,,https://commercial.allianz.com/global-offices/united-states-of-america.html,Business insurance in the United States - Allianz Commercial USA,
Allianz Commercial,the United States,D&O insurance insights,office,The data center construction boom,"The data center construction boom, Cyber security resilience 2025",2025,,shanil.williams@allianz.com,,https://commercial.allianz.com/global-offices/united-states-of-america.html,Business insurance in the United States - Allianz Commercial USA,
Allianz Commercial,the United States,Articles,office,- Cyber incidents,"All articles, Allianz Risk Barometer 2026 - Cyber incidents, Allianz Risk Barometer 2026 - Artificial intelligence, Allianz Risk Barometer 2026 - Business interruption, Allianz Risk Barometer 2026 - Changes in legislation, Allianz Risk Barometer 2026 - Natural catastrophes, Allianz Risk Barometer 2026 - Climate change",2026,,shanil.williams@allianz.com,,https://commercial.allianz.com/global-offices/united-states-of-america.html,Business insurance in the United States - Allianz Commercial USA,
Allianz Commercial,the United States,Commercial Insights,office,Inland Marine Insurance,"All reports, Severe convective storms, Risk advisory, All risk advisory, Risk bulletins, Emerging risk trend talk, Climate change risk reduction, Natural Catastrophes checklists, Online trainings, Loss lessons, Newsletter, Press, Claims, Countries, Careers, Search, Search, Cancel, GO, Visit your country page, Allianz Commercial, Countries, Allianz Commercial in the United States, Tailored to your needs:, Tailored to your needs:, What we offer, Brochures, Contact, Management, News, Further info, Offices, All countries / territories, Allianz Commercial in the United States, Welcome to Allianz Commercial – your business insurance partner in the United States., Allianz stands as a beacon of trust and expertise in providing, comprehensive commercial insurance solutions across America, . As your preferred insurance company in the United States, we bring to your business a blend of global insights and local acumen in risk management. Specializing in handling complex risks, we offer customized solutions that align with your unique requirements. As a leading insurance company globally, our portfolio includes insurance plans for mid-sized to large enterprises and specialist risks, complemented by proactive risk management services., Being a, part of Allianz, , the world's premier insurance brand, Allianz Commercial possesses the resources, global reach, financial robustness, and capabilities to deliver leading business insurance solutions. Discover our services and reach out to us to address your specific insurance needs. We are committed to providing your business with the highest level of protection., North America brochure, Customer Success Stories, Complex risks need simple solutions, Protect your business with Property Insurance, Download our brochures, Comprehensive business Liability Insurance, Download our brochures, Learn more about our Financial Lines Insurance, Download our brochures, Allianz Commercial offerings in the United States, This overview is for reference only. It does not detail the conditions, limitations or exclusions of the cover. Please see the policy wording for further details., Alternative Risk Transfer, Aviation Insurance, Construction Insurance, Cyber Insurance, Financial Lines Insurance, Liability Insurance, Marine Insurance, Natural Resources Insurance, Property Insurance, Alternative Risk Transfer, Alternative Risk Transfer, We develop customized insurance, reinsurance and other non-traditional risk management solutions for a broad range of corporate and financial clients worldwide., USA brochures, More information, Aviation Insurance, Aviation Insurance, We have been at the forefront of aviation insurance since the early days of powered flight, making us one of the largest and most experienced aviation insurance teams in the world., Today, we provide the full spectrum of aviation insurance solutions to everyone from major fleets, manufacturers and airports to private pilots, ground handlers and niche component manufacturers., USA brochures, More information, Construction Insurance, Construction Insurance, Our construction performance insurance protects you against financial losses due to unforeseen damage (e.g. vandalism, storm, hail, flooding) during the construction project., USA brochures, More information, Natural Resources Insurance, Our dedicated Natural Resource underwriting team is here to provide you with innovative solutions designed specifically to address the unique challenges faced by renewables, power, and mining clients., USA brochures, More information, Cyber Insurance, Cyber Insurance, We offer a range of products, from standalone cyber insurance to integreated coverage, safeguarding large organizations against digital threats and cybercrime., USA risk appetite, USA brochures, More information, Financial Lines Insurance, Commercial Management Liability Insurance, Liability cover for company managers to protect them from claims made against them., USA brochures, More information, Professional Indemnity Insurance for Professionals, Protecting managers and professionals from losses arising out of a breach of their professional duties., USA brochures, More information, Financial Institutions Management Liability Insurance, We help you to mitigate the many risks your financial institution faces in today's complex world., USA brochures, More information, Liability Insurance, Commercial Umbrella & Excess Liability Insurance, Allianz Commercial offers a range of general and specialist liability insurance products, covering personal or bodily injury, property damage and pure financial loss., USA risk appetite, USA brochures, More Information, Construction Liability Insurance, Liability coverage for commercial and industrial general contractors, heavy civil contractors and trade contractors., USA risk appetite, USA brochures, More Information, Environmental Liability Insurance, We help your company evaluate, mitigate, and protect against environmental risks, with tailored solutions in the areas of premises pollution and contracting pollution., USA risk appetite, USA brochures, More information, International Liability Insurance, A centralized global program offers transparency, streamlined coverage and control over risks worldwide., USA risk appetite, USA brochures, More information, Marine Insurance, Global Cargo Insurance, Comprehensive insurance for all stages of the distribution chain, including goods in transit, storage risks, global programs and project cargo for specialist shipments., USA risk appetite, USA brochures, More information, Inland Marine Insurance, We are a leader in inland marine insurance and related property: Our Inland Marine Insurance solutions cover over 100 classes of moving and movable property.",,,shanil.williams@allianz.com,,https://commercial.allianz.com/global-offices/united-states-of-america.html,Business insurance in the United States - Allianz Commercial USA,
Allianz Commercial,the United States,USA risk appetite,office,International Liability,"USA brochures, More information, Natural Resources Insurance, Property Insurance, Property Insurance, We specialize in providing property damage and business interruption insurance to large international companies, leveraging our global network to address all risk portfolios., USA risk appetite, USA brochures, More information, Discover our services, Allianz Multinational, File a claim, Crisis Management, Risk Consulting, Selected brochures, Allianz Multinational, International Liability, 738 KB",,,shanil.williams@allianz.com,,https://commercial.allianz.com/global-offices/united-states-of-america.html,Business insurance in the United States - Allianz Commercial USA,
Allianz Commercial,the United States,Alternative Risk Transfer,office,Alternative Risk Transfer,"Alternative Risk Transfer, 208 KB",,,shanil.williams@allianz.com,,https://commercial.allianz.com/global-offices/united-states-of-america.html,Business insurance in the United States - Allianz Commercial USA,
Allianz Commercial,the United States,Financial Risks,office,711 KB,711 KB,,,shanil.williams@allianz.com,,https://commercial.allianz.com/global-offices/united-states-of-america.html,Business insurance in the United States - Allianz Commercial USA,
Allianz Commercial,the United States,Captive Fronting,office,739 KB,739 KB,,,shanil.williams@allianz.com,,https://commercial.allianz.com/global-offices/united-states-of-america.html,Business insurance in the United States - Allianz Commercial USA,
Allianz Commercial,the United States,Structured/ Integrated Solutions,office,102 KB,102 KB,,,shanil.williams@allianz.com,,https://commercial.allianz.com/global-offices/united-states-of-america.html,Business insurance in the United States - Allianz Commercial USA,
Allianz Commercial,the United States,Structured Reinsurance Solutions,office,353 KB,353 KB,,,shanil.williams@allianz.com,,https://commercial.allianz.com/global-offices/united-states-of-america.html,Business insurance in the United States - Allianz Commercial USA,
Allianz Commercial,the United States,Parametric Solutions,office,1 MB,1 MB,,,shanil.williams@allianz.com,,https://commercial.allianz.com/global-offices/united-states-of-america.html,Business insurance in the United States - Allianz Commercial USA,
Allianz Commercial,the United States,Aviation,office,Aviation appetite at a Glance,"Aviation appetite at a Glance, 236 KB",,,shanil.williams@allianz.com,,https://commercial.allianz.com/global-offices/united-states-of-america.html,Business insurance in the United States - Allianz Commercial USA,
Allianz Commercial,the United States,Aviation Contact Sheet,office,182 KB,182 KB,,,shanil.williams@allianz.com,,https://commercial.allianz.com/global-offices/united-states-of-america.html,Business insurance in the United States - Allianz Commercial USA,
Allianz Commercial,the United States,Unmanned Aircraft Systems,office,597 KB,597 KB,,,shanil.williams@allianz.com,,https://commercial.allianz.com/global-offices/united-states-of-america.html,Business insurance in the United States - Allianz Commercial USA,
Allianz Commercial,the United States,Construction,office,3 MB,"Natural Resources & Construction brochure, 3 MB",,,shanil.williams@allianz.com,,https://commercial.allianz.com/global-offices/united-states-of-america.html,Business insurance in the United States - Allianz Commercial USA,
Allianz Commercial,the United States,Construction risk solutions,office,273 KB,273 KB,,,shanil.williams@allianz.com,,https://commercial.allianz.com/global-offices/united-states-of-america.html,Business insurance in the United States - Allianz Commercial USA,
Allianz Commercial,the United States,Cyber,office,Cyber appetite at a glance,"Cyber appetite at a glance, 159 KB",,,shanil.williams@allianz.com,,https://commercial.allianz.com/global-offices/united-states-of-america.html,Business insurance in the United States - Allianz Commercial USA,
Allianz Commercial,the United States,Cyber & Specialty Professional Indemnity,office,818 KB,818 KB,,,shanil.williams@allianz.com,,https://commercial.allianz.com/global-offices/united-states-of-america.html,Business insurance in the United States - Allianz Commercial USA,
Allianz Commercial,the United States,Cyber Evolutionar,office,651 KB,651 KB,,,shanil.williams@allianz.com,,https://commercial.allianz.com/global-offices/united-states-of-america.html,Business insurance in the United States - Allianz Commercial USA,
Allianz Commercial,the United States,Cyber Breach Services,office,284 KB,284 KB,,,shanil.williams@allianz.com,,https://commercial.allianz.com/global-offices/united-states-of-america.html,Business insurance in the United States - Allianz Commercial USA,
Allianz Commercial,the United States,Financial Lines,office,Financial Lines appetite at a Glance,"Financial Lines appetite at a Glance, 1 MB",,,shanil.williams@allianz.com,,https://commercial.allianz.com/global-offices/united-states-of-america.html,Business insurance in the United States - Allianz Commercial USA,
Allianz Commercial,the United States,Allianz Private Company Protect Policy,office,531 KB,531 KB,,,shanil.williams@allianz.com,,https://commercial.allianz.com/global-offices/united-states-of-america.html,Business insurance in the United States - Allianz Commercial USA,
Allianz Commercial,the United States,Allianz protect for Investment Managers,office,920 KB,920 KB,,,shanil.williams@allianz.com,,https://commercial.allianz.com/global-offices/united-states-of-america.html,Business insurance in the United States - Allianz Commercial USA,
Allianz Commercial,the United States,Allianz D&O Protect,office,567 KB,567 KB,,,shanil.williams@allianz.com,,https://commercial.allianz.com/global-offices/united-states-of-america.html,Business insurance in the United States - Allianz Commercial USA,
Allianz Commercial,the United States,Crime protect policy,office,950 KB,950 KB,,,shanil.williams@allianz.com,,https://commercial.allianz.com/global-offices/united-states-of-america.html,Business insurance in the United States - Allianz Commercial USA,
Allianz Commercial,the United States,Fiduciary Liability Policy,office,1 MB,1 MB,,,shanil.williams@allianz.com,,https://commercial.allianz.com/global-offices/united-states-of-america.html,Business insurance in the United States - Allianz Commercial USA,
Allianz Commercial,the United States,Financial Institutions at a Glance,office,1 MB,1 MB,,,shanil.williams@allianz.com,,https://commercial.allianz.com/global-offices/united-states-of-america.html,Business insurance in the United States - Allianz Commercial USA,
Allianz Commercial,the United States,Professional Indemnity - Insurance Agents E&O,office,187 KB,187 KB,,,shanil.williams@allianz.com,,https://commercial.allianz.com/global-offices/united-states-of-america.html,Business insurance in the United States - Allianz Commercial USA,
Allianz Commercial,the United States,Architects Engineers & Construction Design Liability (AEC),office,803 KB,803 KB,,,shanil.williams@allianz.com,,https://commercial.allianz.com/global-offices/united-states-of-america.html,Business insurance in the United States - Allianz Commercial USA,
Allianz Commercial,the United States,Allianz Cyber Evolutionar - The Evolution of Cyber Coverage,office,651 KB,651 KB,,,shanil.williams@allianz.com,,https://commercial.allianz.com/global-offices/united-states-of-america.html,Business insurance in the United States - Allianz Commercial USA,
Allianz Commercial,the United States,Liability,office,Liability appetite at a glance,"Liability appetite at a glance, 1 MB",,,shanil.williams@allianz.com,,https://commercial.allianz.com/global-offices/united-states-of-america.html,Business insurance in the United States - Allianz Commercial USA,
Allianz Commercial,the United States,International Liability,office,738 KB,738 KB,,,shanil.williams@allianz.com,,https://commercial.allianz.com/global-offices/united-states-of-america.html,Business insurance in the United States - Allianz Commercial USA,
Allianz Commercial,the United States,Environmental Liability factsheet,office,657 KB,657 KB,,,shanil.williams@allianz.com,,https://commercial.allianz.com/global-offices/united-states-of-america.html,Business insurance in the United States - Allianz Commercial USA,
Allianz Commercial,the United States,Environmental Liability coverage,office,1 MB,1 MB,,,shanil.williams@allianz.com,,https://commercial.allianz.com/global-offices/united-states-of-america.html,Business insurance in the United States - Allianz Commercial USA,
Allianz Commercial,the United States,Liability Construction at a glance,office,647 KB,647 KB,,,shanil.williams@allianz.com,,https://commercial.allianz.com/global-offices/united-states-of-america.html,Business insurance in the United States - Allianz Commercial USA,
Allianz Commercial,the United States,Project specific contractors pollution,office,1 MB,1 MB,,,shanil.williams@allianz.com,,https://commercial.allianz.com/global-offices/united-states-of-america.html,Business insurance in the United States - Allianz Commercial USA,
Allianz Commercial,the United States,Marine,office,Plus Endorsement,"Marine appetite at a glance, 1 MB, Transportation Block 2020 Plus Endorsement, 639 KB",2020,,shanil.williams@allianz.com,,https://commercial.allianz.com/global-offices/united-states-of-america.html,Business insurance in the United States - Allianz Commercial USA,
Allianz Commercial,the United States,Inland Marine at a glance,office,1 MB,1 MB,,,shanil.williams@allianz.com,,https://commercial.allianz.com/global-offices/united-states-of-america.html,Business insurance in the United States - Allianz Commercial USA,
Allianz Commercial,the United States,Construction Block,office,Overhauling Boundaries,"199 KB, Transportation Block 2020 Overhauling Boundaries, 292 KB",2020,,shanil.williams@allianz.com,,https://commercial.allianz.com/global-offices/united-states-of-america.html,Business insurance in the United States - Allianz Commercial USA,
Allianz Commercial,the United States,Transportation & Logistics,office,905 KB,905 KB,,,shanil.williams@allianz.com,,https://commercial.allianz.com/global-offices/united-states-of-america.html,Business insurance in the United States - Allianz Commercial USA,
Allianz Commercial,the United States,Inland Marine Transportation,office,63 KB,63 KB,,,shanil.williams@allianz.com,,https://commercial.allianz.com/global-offices/united-states-of-america.html,Business insurance in the United States - Allianz Commercial USA,
Allianz Commercial,the United States,Inland Marine Programs,office,195 KB,195 KB,,,shanil.williams@allianz.com,,https://commercial.allianz.com/global-offices/united-states-of-america.html,Business insurance in the United States - Allianz Commercial USA,
Allianz Commercial,the United States,Natural Resources,office,Natural Resources appetite at a glance,"Natural Resources appetite at a glance, 203 KB",,,shanil.williams@allianz.com,,https://commercial.allianz.com/global-offices/united-states-of-america.html,Business insurance in the United States - Allianz Commercial USA,
Allianz Commercial,the United States,Natural Resources brochure,office,602 KB,602 KB,,,shanil.williams@allianz.com,,https://commercial.allianz.com/global-offices/united-states-of-america.html,Business insurance in the United States - Allianz Commercial USA,
Allianz Commercial,the United States,Property,office,Property appetite at a glance,"Property appetite at a glance, 731 KB",,,shanil.williams@allianz.com,,https://commercial.allianz.com/global-offices/united-states-of-america.html,Business insurance in the United States - Allianz Commercial USA,
Allianz Commercial,the United States,Crisis Management Insurance,office,1 MB,1 MB,,,shanil.williams@allianz.com,,https://commercial.allianz.com/global-offices/united-states-of-america.html,Business insurance in the United States - Allianz Commercial USA,
Allianz Commercial,the United States,Risk Consulting,office,Risk Consulting at a glance,"Risk Consulting at a glance, 344 KB",,,shanil.williams@allianz.com,,https://commercial.allianz.com/global-offices/united-states-of-america.html,Business insurance in the United States - Allianz Commercial USA,
Allianz Commercial,the United States,Do you need further information?,office,Business Black Swan scenarios,"Please contact your local broker, Allianz Commercial distributes its products through a network of insurance brokers, including major national and regional brokers across the United States., Please contact your preferred broker to access Allianz products and services., Meet the Management team, Shanil Williams, AGCS SE Board Member, President, Commercial, Americas, Jenise Klein, Chief Underwriting Officer North America, John Gambale, Regional Head of Distribution North America, Tom Houlihan, Global Markets Leader ART & Regional of ART, Americas, David Warfel, Regional Head of Aviation North America, Darren Tasker, Construction Hub Leader, Americas, Tresa Stephens, Regional Head of Cyber, Tech & Media, North America, Eric Wedin, Regional Head of Financial Lines North America, Nancy Dorvil, Regional Head of Property North America, Priscilla Pazmino-Vitela, Head of Natural Resources Hub Americas, Brian McNamara, Global Head of Captive Solutions, Regional Head of Multinational North America & Latin Am​erica, Liesl Brown, Regional Head of HR North America, Paul Davis, Managing Director of Finance North America, Elliott Foster, Regional Head of Legal North America, Krzysztof Wanatowicz, Chief Technical Officer, North America, Kostas Papapetridis, Regional Manager, Allianz Risk Consulting, North America, Melissa Hill, Regional Head of Claims, North America, All the latest news, reports and hot topics, Global | Press release, New Global Head of Multinational, Allianz Commercial announced that Karol Dobias will become the new Global Head of Multinational of Allianz Commercial and Allianz Global Corporate & Specialty SE (‘AGCS’)., Read more, Global | Press release, Partnership with Coalition, Allianz Commercial and Coalition announced a transformative, strategic agreement under which Allianz will transition its commercial cyber insurance business to Coalition., Read more, Commercial Insights, Severe convective storms, A new report from Allianz Commercial sheds light on the growing threat of severe convective storms (SCS), which have become a significant annual loss driver for the insurance industry., Read more, Global | Press release, Severe convective storms, The frequency and intensity of severe convective storm events have increased significantly leading to insured losses in billions of US dollars globally., Read more, Global | Press release, Senior leader appointments in large-corp Property business, Allianz Commercial today announced two internal promotions within its Property teams in the large-corporate segment., Read more, Global | Press release, Partnership with Reel Media, Allianz Commercial has entered into a strategic agreement with Managing General Agent Reel Media, to create a new partnership in the global Entertainment insurance market., Read more, Global | Press release, Business Black Swan scenarios, Around 50% of companies see supply chain paralysis and a global internet outage as the two most plausible Black Swan scenarios in the next five years.",,,shanil.williams@allianz.com,,https://commercial.allianz.com/global-offices/united-states-of-america.html,Business insurance in the United States - Allianz Commercial USA,
Allianz Commercial,the United States,Read more,office,Read more,"Report, Business Black Swans, Survey: The threats companies consider to be most plausible in the next five years., Read more, Latin America | Press release, Latin American hub in Miami opens, Allianz Commercial announces the completion of its Miami Latin America Hub, with a fully established leadership team in place and ready to serve clients and brokers across the region., Read more, Allianz Risk Barometer 2026 | Expert risk article",2026,,shanil.williams@allianz.com,,https://commercial.allianz.com/global-offices/united-states-of-america.html,Business insurance in the United States - Allianz Commercial USA,
Allianz Commercial,the United States,Risk in focus: Cyber incidents,office,and by a higher margin than ever before,Cyber incidents is the top global risk for 2026 and by a higher margin than ever before – 10% ahead of the closely-linked peril of artificial intelligence (AI).,2026,,shanil.williams@allianz.com,,https://commercial.allianz.com/global-offices/united-states-of-america.html,Business insurance in the United States - Allianz Commercial USA,
Allianz Commercial,the United States,Read more,office,Allianz Risk Barometer 2026 | Expert risk article,Allianz Risk Barometer 2026 | Expert risk article,2026,,shanil.williams@allianz.com,,https://commercial.allianz.com/global-offices/united-states-of-america.html,Business insurance in the United States - Allianz Commercial USA,
Allianz Commercial,the United States,Risk in focus: Market developments,office,with this risk dropping from #8 to #10 year-on-year.,"Following another strong year for equity and M&A markets, businesses appear slightly more relaxed about market risks, with this risk dropping from #8 to #10 year-on-year.",,,shanil.williams@allianz.com,,https://commercial.allianz.com/global-offices/united-states-of-america.html,Business insurance in the United States - Allianz Commercial USA,
Allianz Commercial,the United States,Risk in focus: Changes in legislation and regulation,office,driven by concerns over factors such as tariffs.,"Changes in legislation and regulation remains at #4. However, there is an increase in the share of respondents, driven by concerns over factors such as tariffs.",,,shanil.williams@allianz.com,,https://commercial.allianz.com/global-offices/united-states-of-america.html,Business insurance in the United States - Allianz Commercial USA,
Allianz Commercial,the United States,Risk in focus: Political risks and violence,office,Read more,"Political risks and violence rises to its highest ever position globally. Unsurprisingly, war is the peril companies are most worried about., Read more, Allianz Risk Barometer 2026 | Expert risk article",2026,,shanil.williams@allianz.com,,https://commercial.allianz.com/global-offices/united-states-of-america.html,Business insurance in the United States - Allianz Commercial USA,
Allianz Commercial,the United States,Risk in focus: Business interruption,office,Business interruption and supply chain disruption drops to #3 from #2 but this peril remains a significant concern given it can be a consequence of other risks in the global top 10.,Business interruption and supply chain disruption drops to #3 from #2 but this peril remains a significant concern given it can be a consequence of other risks in the global top 10.,,,shanil.williams@allianz.com,,https://commercial.allianz.com/global-offices/united-states-of-america.html,Business insurance in the United States - Allianz Commercial USA,
Allianz Commercial,the United States,Risk in focus: Macroeconomic developments,office,Macroeconomic developments drops to #8 with the global economy showing impressive resilience heading into 2026.,Macroeconomic developments drops to #8 with the global economy showing impressive resilience heading into 2026.,2026,,shanil.williams@allianz.com,,https://commercial.allianz.com/global-offices/united-states-of-america.html,Business insurance in the United States - Allianz Commercial USA,
Allianz Commercial,the United States,Read more,office,Top 3 business risks in 2026:,Top 3 business risks in 2026: United States of America,2026,,shanil.williams@allianz.com,,https://commercial.allianz.com/global-offices/united-states-of-america.html,Business insurance in the United States - Allianz Commercial USA,
Allianz Commercial,the United States,Annual research on major business risks,office,rank,"1. Cyber incidents (40%) - 2025 rank: 1 (38%), 2. Business interruption (37%) - 2025 rank: 3 (33%), 3. Changes in legislation and regulation (35%) - 2025 rank: 4 (23%)",2025,,shanil.williams@allianz.com,,https://commercial.allianz.com/global-offices/united-states-of-america.html,Business insurance in the United States - Allianz Commercial USA,
Allianz Commercial,the United States,Discover the Allianz Risk Barometer,office,Alpharetta,"Sign up to the newsletter, Keep up to date on all news and insights from Allianz Commercial, Email newsletter, LinkedIn newsletter, Further information, File a claim and find support services, Billing services, Suppliers & vendors registration form, Fireman’s Fund Insurance Company Information, Confidentiality protocol for New York victims of domestic violence, Insurance fraud awareness training – Maryland, Complaints regarding human rights, Customer complaints, Our offices, GA, IL, MO, NY, TX, GA, Alpharetta office, 100 Northpoint Center, STE 320, Alpharetta, GA 30022",30022,,shanil.williams@allianz.com,,https://commercial.allianz.com/global-offices/united-states-of-america.html,Business insurance in the United States - Allianz Commercial USA,
Allianz Commercial,the United States,United States of America,office,Chicago,"IL, Chicago office, 155 North Wacker Dr, STE 2700, Chicago, IL 60606",60606,,shanil.williams@allianz.com,,https://commercial.allianz.com/global-offices/united-states-of-america.html,Business insurance in the United States - Allianz Commercial USA,
Allianz Commercial,the United States,United States of America,office,O'Fallon,"MO, Saint Louis office, Visitor address:, 1 Progress Point Parkway, Suite 200, O'Fallon, MO 63368",63368,,shanil.williams@allianz.com,,https://commercial.allianz.com/global-offices/united-states-of-america.html,Business insurance in the United States - Allianz Commercial USA,
Allianz Commercial,the United States,United States of America,office,Postal address:,"Postal address:, PO Box 970",,"O'Fallon, MO 63366-0970",shanil.williams@allianz.com,,https://commercial.allianz.com/global-offices/united-states-of-america.html,Business insurance in the United States - Allianz Commercial USA,
Allianz Commercial,the United States,United States of America,office,New York,"NY, New York office, 28 Liberty Street, 24th Floor, New York, NY 10005",10005,,shanil.williams@allianz.com,,https://commercial.allianz.com/global-offices/united-states-of-america.html,Business insurance in the United States - Allianz Commercial USA,
Allianz Commercial,the United States,United States of America,office,West Loop South,"TX, Houston office, 2000 West Loop South, Houston, TX 77027",77027,,shanil.williams@allianz.com,,https://commercial.allianz.com/global-offices/united-states-of-america.html,Business insurance in the United States - Allianz Commercial USA,
Allianz Commercial,the United States,United States of America,office,Trade credit insurance and surety bonds,"Trade credit insurance and surety bonds, Allianz Commercial is part of one of the world's strongest financial services groups and the, world’s #1 insurance brand",,,shanil.williams@allianz.com,,https://commercial.allianz.com/global-offices/united-states-of-america.html,Business insurance in the United States - Allianz Commercial USA,
Allianz Commercial,the United States,". When you partner with us, you partner with Allianz Group — and its sister companies.",office,surety bonds or other finance solutions,"Allianz Trade, Through, Allianz Trade, , we offer a comprehensive range of solutions to, protect your accounts receivables, and manage your commercial credit. Allianz Trade is the global leader in, trade credit insurance, and credit management, offering tailored solutions to mitigate the risks associated with bad debt, thereby ensuring the financial stability of businesses., Allianz Trade’s expertise in risk mitigation and finance gives companies the confidence to trade, expand into international markets with confidence and be paid: They compensate your company in the event of a bad debt, but more importantly, they help you avoid bad debts in the first place., Whenever Allianz Trade provides trade credit insurance, surety bonds or other finance solutions, the priority is on predictive protection. Its international surveillance network monitors and analyzes the financial stability of 83 million companies across all sectors in 160+ countries. And when the unexpected happens, their AA credit rating (Standard and Poor’s) means they have the resources to provide compensation to maintain your business.",,,shanil.williams@allianz.com,,https://commercial.allianz.com/global-offices/united-states-of-america.html,Business insurance in the United States - Allianz Commercial USA,
Allianz Commercial,the United States,Visit the Allianz Trade website,office,Voice your concerns,"Share via, What we offer, Solutions, Services, Global presence, Claims, Featured, Visit your country page, Financials, Sustainability, Press and media, About us, About Allianz Group, Allianz Trade website, Careers, Stay up to date, Follow us on LinkedIn, Sign up to the email newsletter, Sign up to the LinkedIn newsletter, Download our latest reports, Credits, Privacy notice, Terms of use, Contact, Compliance, Modern slavery act statement, Voice your concerns, © Allianz 2026. All Rights Reserved.",2026,,shanil.williams@allianz.com,,https://commercial.allianz.com/global-offices/united-states-of-america.html,Business insurance in the United States - Allianz Commercial USA,
Allianz Commercial,the United States,Allianz Commercial,office,Allianz Commercial in the United States,"Countries, Allianz Commercial in the United States",,,shanil.williams@allianz.com,,https://commercial.allianz.com/global-offices/united-states-of-america.html,Business insurance in the United States - Allianz Commercial USA,
Allianz Technology,Australia,Allianz Technology Sydney,office,Sydney,"Sydney, Allianz Technology SE, 101 Miller Street, North Sydney, NSW 2060, Australia",2060,,,,https://tech.allianz.com/en/contact/australia.html,Australia,
Allianz Technology,Austria,Allianz Technology Vienna,office,Vienna,"Vienna, Allianz Technology GmbH, Linzer Strasse 225, 1140 Wien, Austria",1140,,,,https://tech.allianz.com/en/contact/austria.html,Austria,
Allianz Technology,Belgium,Allianz Technology Brussels,office,Brussels,"Brussels, Allianz Technology SE",,"Boulevard du Roi Albert II 32 1000 Brussels, Belgium",,,https://tech.allianz.com/en/contact/belgium.html,Belgium,
Allianz Technology,Brazil,Allianz Technology São Paulo,office,São Paulo,"São Paulo, Allianz Technology Brazil, São Bernardo do Campo, Rua José Versolato, 101, Torre A | São Bernardo do Campo, SP, Brazil",,,compliance.aztbr@allianz.com,,https://tech.allianz.com/en/contact/Brazil.html,Brazil,
Allianz Technology,Brazil,Allianz Technology GET DIRECTIONS,office,GET DIRECTIONS,"Find us, Privacidade de Dados, Se você tiver alguma dúvida sobre como usamos seus dados pessoais, ou se tiver algum pedido de retificação, exclusão ou portabilidade dos seus dados pessoais, envie um e-mail para, [email protected], ou uma carta de próprio punho para:, Allianz Technology Brazil",,"Rua Jose Versolato, 101, Torre A, CEP: 09750-730 | São Bernardo do Campo, SP, Brasil",compliance.aztbr@allianz.com,,https://tech.allianz.com/en/contact/Brazil.html,Brazil,
Allianz Technology,Colombia,Allianz Technology Bogotá,office,Bogotá,"Bogotá, Allianz Techonoly SE, Sucursal Colombiana, Cl 70 Bis No. 4 41, Bogotá, Colombia",,,,,https://tech.allianz.com/en/contact/Colombia.html,Colombia,
Allianz Technology,Czech Republic,Allianz Technology Prague,office,Prague,"Prague, Allianz Technology S.R.O., 'Ke Štvanici 656/3, Karlín, 186 00 Praha 8, Prague, Czech Republic",,,azteccz.compliance@allianz.com,,https://tech.allianz.com/en/contact/Czech-Republic.html,Czech Republic,
Allianz Technology,France,Allianz Technology Saint-Ouen (Paris),office,Saint-Ouen (Paris),"Saint-Ouen (Paris), Allianz Technology SAS, 1 Cours Michelet, Cs 30051, 92076 Paris La Défense Cedex",92076,,,,https://tech.allianz.com/en/contact/france.html,France,
Allianz Technology,Germany,Allianz Technology München,office,München,"München, Allianz Technology SE, Königinstr. 28, 80802 Munich, Germany",80802,,,,https://tech.allianz.com/en/contact/deutschland.html,Germany,
Allianz Technology,Germany,Allianz Technology metafinanz Informationssysteme GmbH,office,metafinanz Informationssysteme GmbH,"Leopoldstraße 146, 80804 München, Germany",80804,,,,https://tech.allianz.com/en/contact/deutschland.html,Germany,
Allianz Technology,Germany,Allianz Technology Hinweisgebersystem der metafinanz,office,Hinweisgebersystem der metafinanz,"(Datenschutzhinweis für Hinweisgebende) and, Hinweisgebersystem der metafinanz, (Einwilligungserklärung für Hinweisgebende)",,,,,https://tech.allianz.com/en/contact/deutschland.html,Germany,
Allianz Technology,Hungary,Allianz Technology Budapest,office,Budapest,"Budapest, Allianz Technology SE Magyarországi Fióktelepe, Könyves Kalman körut 48,, 1087 Budapest, Hungary",1087,,aztechu.compliance@allianz.com,,https://tech.allianz.com/en/contact/hungary.html,Hungary,
Allianz Technology,Hungary,Allianz Technology Compliance & Whistleblowing,office,Compliance & Whistleblowing,"The Local Compliance Officer of Allianz Technology Hungary Branch is designated to handle reports related to potential violations of external legal or internal Allianz regulations., Any information regarding such potential violations can be reported via the ALLIANZ WHISTLEBLOWING TOOL, ALLIANZ WHISTLEBLOWING TOOL, Please be advised that your report can only be investigated if it contains sufficient information. Hence, we ask you to provide as many details as possible. When you submit a report, we will confirm the receipt within 7 days., If the report is in line with the relevant legal regulations we conduct an investigation and we will provide information to you on its results., It is useful for our investigations team if you provide your name and/or an e-mail address when submitting a report. This enables us to contact you in case we have any follow-up questions. If you would prefer to remain anonymous, however, we will respect your decision and your concern could still be investigated. In this case we advise you to use the anonymous option in the whistleblowing tool. Allianz Technology does not tolerate retaliation in any form against anyone who submits a report in good faith. This remains the case even in cases where an investigation does not confirm the",,,aztechu.compliance@allianz.com,,https://tech.allianz.com/en/contact/hungary.html,Hungary,
Allianz Technology,Hungary,Allianz Technology allegations made.,office,allegations made.,"Your information will be treated confidentially. We take appropriate steps to make careful use of all information received, and to safeguard the interests of all, involved persons. All data provided is processed in accordance with applicable data privacy requirements., If you would prefer not to use the reporting tool, you may deliver your concerns:, · via e-mail to the address:, [email protected], · in person, verbally, directly to the Compliance Officer for Hungary, · in writing, in physical format to this address:, Allianz Technology Magyarországi Fióktelepe., Local Compliance Officer, Könyves Kálmán krt. 48-52. | H-1087 Budapest, Hungary, You also have the right to report externally to competent local authorities if you prefer to. Pursuant to the decision of the Hungarian Government, the following authorities accept reports on misconduct as external reporting channels:",1087,,aztechu.compliance@allianz.com,,https://tech.allianz.com/en/contact/hungary.html,Hungary,
Allianz Technology,Hungary,"Allianz Technology - the Directorate General for Auditing European Grants,",office,"- the Directorate General for Auditing European Grants,","- the Economic Competition Office,, - the Integrity Authority,, - the Public Procurement Authority,, - the Hungarian National Bank,, - the National Data Protection and Freedom of Information Authority,, - the National Media and Communications Authority,, The relevant local (Hungarian) regulation is the Act No. CLXV. of 2013. on",2013,,aztechu.compliance@allianz.com,,https://tech.allianz.com/en/contact/hungary.html,Hungary,
Allianz Technology,Hungary,Allianz Technology “Complaints and announcements of public interest”,office,“Complaints and announcements of public interest”,"is available here :, 2023. évi XXV. törvény - Nemzeti Jogszabálytár (njt.hu)",2023,,aztechu.compliance@allianz.com,,https://tech.allianz.com/en/contact/hungary.html,Hungary,
Allianz Technology,Hungary,Allianz Technology MAGYAR nyelvű TÁJÉKOZTATÓ olvasható ITT,office,MAGYAR nyelvű TÁJÉKOZTATÓ olvasható ITT,136 KB,,,aztechu.compliance@allianz.com,,https://tech.allianz.com/en/contact/hungary.html,Hungary,
Allianz Technology,Get in Touch with Allianz Technology India,Allianz Technology Find our Allianz Technology locations across India,office,Find our Allianz Technology locations across India,"Pune, Trivandrum, Pune, Allianz Technology, 4th Floor, Wing 4, Cluster C, EON IT Park,, Kharadi, Pune, India 411014, 5th floor, Tower B, Phase 2, EON Free Zone,, Kharadi, Pune, India 411014, 12th floor, Tower A, Phase 2, EON Free Zone,, Kharadi, Pune, India 411014",411014,,,,https://tech.allianz.com/en/contact/india.html,India,
Allianz Technology,Get in Touch with Allianz Technology India,Allianz Technology GET DIRECTIONS,office,GET DIRECTIONS,"Allianz Technology in India, Trivandrum, Allianz Technology, Ground floor, Keystone building, Phase 3, Technopark, Trivandrum, Kerala,, India 695581, 2nd Floor, Bhavani Building, Technopark, Trivandrum, Kerala,, India 695581, 3rd and 4th floor, Carnival Building,",695581,,,,https://tech.allianz.com/en/contact/india.html,India,
Allianz Technology,Get in Touch with Allianz Technology India,"Allianz Technology Technopark, Trivandrum, Kerala,",office,"Technopark, Trivandrum, Kerala,",India 69558,69558,,,,https://tech.allianz.com/en/contact/india.html,India,
Allianz Technology,Get in Touch with Allianz Technology India,Allianz Technology GET DIRECTIONS,office,GET DIRECTIONS,"Allianz Technology in India, Allianz Technology in India, India is a key technology location for Allianz Technology, with major hubs in Pune and Trivandrum. Our teams work at the heart of global IT delivery, supporting Allianz entities worldwide with secure platforms, cloud solutions, and digital services that matter to customers., R&D Centers and Innovation, India hosts an important part of our global R&D network. Teams contribute to AI, data, and engineering innovation. By this people are turning early ideas into scalable solutions and supporting initiatives such as GenAI platforms and enterprise-wide innovation programs., Careers, Culture, and Community, With a strong builder culture, continuous learning, and inclusive communities, India offers tech professionals real growth opportunities. Recognized as an, award winning Great Place to Work, , our teams thrive through collaboration, AI upskilling, and purpose-driven initiatives like volunteering and Tech HERoes. Find out more about our, working culture, and how to be part of our squad for life., Build Your Tech Career, at Allianz Technology, At Allianz Technology, you build technology that matters. As the technology partner of Allianz Group, we create secure platforms and responsible AI that power customer services worldwide. Get to know Allianz Technology and see how you can, grow your tech career, with us., Let’s care for tomorrow. You. IT., Learn more",,,,,https://tech.allianz.com/en/contact/india.html,India,
Allianz Technology,Ireland,Allianz Technology Dublin,office,Dublin,"Dublin, Allianz Technology SE, Allianz House, Elmpark, Merrion Road, Dublin 4, D04 Y6Y6, Ireland",,,,,https://tech.allianz.com/en/contact/ireland.html,Ireland,
Allianz Technology,Ireland,Allianz Technology In accordance with the,office,In accordance with the,"Protected Disclosures Act 2022, , Allianz Technology Ireland provides a secure and confidential channel for workers and third parties to make",2022,,,,https://tech.allianz.com/en/contact/ireland.html,Ireland,
Allianz Technology,Ireland,Allianz Technology protected disclosures,office,protected disclosures,"concerning suspected wrongdoing, with protection against retaliation for reports made in good faith. Reports can be submitted via the, Allianz Whistleblowing Tool, ., Individuals also have rights under data protection law to request access to their personal data processed by Allianz Technology by submitting a, Subject Access Request (SAR), via our online form:, Privacy Web Form, .",,,,,https://tech.allianz.com/en/contact/ireland.html,Ireland,
Allianz Technology,Italy,Allianz Technology Milano,office,Milano,"Trieste, Milano, Legal Head Office:, Allianz Technology S.p.A., Piazza Tre Torri, 3, 20145 Milano - Italy",20145,,compliance.aztechnologyspa@allianz.it,,https://tech.allianz.com/en/contact/italy.html,Italy,
Allianz Technology,Italy,Allianz Technology Trieste,office,Trieste,"General Management and Offices:, Allianz Technology S.p.A., Largo Ugo Irneri, 1, 34123 Trieste - Italy",34123,,compliance.aztechnologyspa@allianz.it,,https://tech.allianz.com/en/contact/italy.html,Italy,
Allianz Technology,Mauritius,Allianz Technology Ebene City,office,Ebene City,"Ebene City, Allianz Services Mauritius, Ebene Esplanade, 24 Cibercity, 72201Ebene, Mauritius",,,,,https://tech.allianz.com/en/contact/mauritius.html,Mauritius,
Allianz Technology,Morocco,Allianz Technology Casablanca,office,Casablanca,"Casablanca, Allianz Technology SE, '166 BD Zerktouni, Casablanca, Morocco",,,,,https://tech.allianz.com/en/contact/Morocco.html,Morocco,
Allianz Technology,Netherlands,Allianz Technology Amsterdam,office,Amsterdam,"Rotterdam, Amsterdam, Allianz Technology International B.V., Allianz Europe BV,, Keizersgracht 484, 1017EH Amsterdam",,,,,https://tech.allianz.com/en/contact/netherlands.html,Netherlands,
Allianz Technology,Netherlands,Allianz Technology Rotterdam,office,Rotterdam,"Allianz Technology SE, Coolsingel 139, 3012AG Rotterdam, Netherlands",,,,,https://tech.allianz.com/en/contact/netherlands.html,Netherlands,
Allianz Technology,Romania,Allianz Technology Bucharest,office,Bucharest,"Bucharest, Allianz Technology SE Munchen Sucursala Bucuresti, No. 4 B Ing. George Constantinescu Street, No. 2-4 George Constantinescu Street,, Bucharest Sector 2, Romania",,"Globalworth Campus Office Building, Building C , floor 12,13,14 020339,",bastian.knispel@allianz.de,,https://tech.allianz.com/en/contact/romania.html,Romania,
Allianz Technology,Singapore,Allianz Technology Singapore,office,Singapore,"Singapore, Allianz Technology SE Singapore Branch, 79 Robinson Road #09-01 Singapore 068897",068897,,,,https://tech.allianz.com/en/contact/singapore.html,Singapore,
Allianz Technology,Slovakia,Allianz Technology Bratislava,office,Bratislava,"Bratislava, Allianz Technology SE organizačná zložka, Allianz Technology (Slovakia) s.r.o., 821 09 Bratislava - mestská časť Ružinov, Slovakia",,"Nivy Tower, Mlynské nivy 18890/5",aztecsk.compliance@allianz.com,,https://tech.allianz.com/en/contact/slovakia.html,Slovakia,
Allianz Technology,Spain,Allianz Technology Barcelona,office,Barcelona,"Barcelona, Allianz Technology Spain, Avenida Icaria, 199, 08005 Barcelona, Spain",08005,,,,https://tech.allianz.com/en/contact/spain.html,Spain,
Allianz Technology,Spain,Allianz Technology GET DIRECTIONS,office,GET DIRECTIONS,"Allianz Technology Iberolatam, Tarragona 109, 4th Floor, 08014 Barcelona,",08014,,,,https://tech.allianz.com/en/contact/spain.html,Spain,
Allianz Technology,Spain,Allianz Technology Spain,office,Spain,GET DIRECTIONS,,,,,https://tech.allianz.com/en/contact/spain.html,Spain,
Allianz Technology,Switzerland,Allianz Technology Wallisellen,office,Wallisellen,"Wallisellen, Allianz Technology SE Branch CH, Richtiplatz 1, CH-8304 Wallisellen, Switzerland",8304,,,,https://tech.allianz.com/en/contact/switzerland.html,Switzerland,
Allianz Technology,Thailand,Allianz Technology Bangkok,office,Bangkok,"Bangkok, Allianz Technology, No. 9 G Tower Rama 9, 10th Floor, Rama IX Rd, Huai Khwang,, Bangkok 10310, Thailand",10310,,,,https://tech.allianz.com/en/contact/bangkok.html,Thailand,
Allianz Technology,United Kingdom,Allianz Technology Guildford,office,Guildford,"Bishopsgate, Stour House, Guildford, Allianz Technology, Building 3, Guildford Business Park, Guildford, Surrey, GU2 8XG",,,,,https://tech.allianz.com/en/contact/uk.html,UK,
Allianz Technology,United Kingdom,Allianz Technology Bishopsgate,office,Bishopsgate,"Allianz Technology, AZ Tech UK LV, 15 Bishopsgate London EC2N 3AR",,,,,https://tech.allianz.com/en/contact/uk.html,UK,
Allianz Technology,United Kingdom,Allianz Technology Stour House,office,Stour House,"Allianz Technology, AZ Tech UK LV, Stour House, Deansleigh Rd, Bournemouth BH7 7DU",,,,,https://tech.allianz.com/en/contact/uk.html,UK,
Allianz Technology,United Kingdom,Allianz Technology In accordance with the,office,In accordance with the,"Public Interest Disclosure Act 1998, , Allianz Technology provides a secure and confidential channel for workers and relevant third parties to raise concerns about suspected wrongdoing in the public interest, with protection against detriment or dismissal for disclosures made in good faith. Reports can be submitted via the",1998,,,,https://tech.allianz.com/en/contact/uk.html,UK,
Allianz Technology,United Kingdom,Allianz Technology Allianz Whistleblowing Tool,office,Allianz Whistleblowing Tool,"., Individuals also have rights under, UK data protection law, to request access to their personal data processed by Allianz Technology by submitting a, Subject Access Request (SAR), via our online form:, Privacy Web Form, .",,,,,https://tech.allianz.com/en/contact/uk.html,UK,
Allianz Technology,USA,Allianz Technology Minneapolis,office,Minneapolis,"Minneapolis, Allianz Technology, 729 N Washington Ave, Suite 600, Minneapolis, MN 55401",55401,,,,https://tech.allianz.com/en/contact/spain2.html,USA,
